Category,speed,direction,lane,episode,time_stamp,lida_file,image_file,lat,long,max_rssi,selected_sector,tx_mcs,rx_mcs,sqi,all_rssi,all_sector,x,y,snr
Cat3,15mph,lr,opposite,8,1625004302.314963000,/media/batool/MULTIMODAL_DATA/Multimodal_Data/Cat3/static_in_front/bag_files/Cat3_15mph_lr_opposite_8/lidar_pcd/ns1/velodyne_points/1625004302.314963000.pcd,/media/batool/MULTIMODAL_DATA/Multimodal_Data/Cat3/static_in_front/bag_files/Cat3_15mph_lr_opposite_8/camera_images/1625004302.6504211.jpg,42.338037333333325,-71.08660799999998,10008,10,7,8,55,"[5803, 6386, 6300, 9734, 5418, 6293, 7699, 5328, 10008, 6124, 6556, 5698, 9968, 5263, 5069, 9994, 6028, 8476, 9686, 6298, 5044, 9535, 7283, 0, 8235, 8767, 5052, 5251, 5202, 5057, 6717]","[1, 2, 3, 4, 6, 7, 8, 9, 10, 11, 12, 15, 16, 17, 18, 19, 20, 22, 23, 24, 25, 26, 27, 27, 29, 30, 30, 60, 61, 62, 63]",36.54006783858166,-10.147596880314167,"[-4, -3, -3, -1, -5, -4, -3, -5, 0, -5, -2, -4, -1, -5, -7, 0, -4, 0, -1, -4, -7, -2, -4, 0, -1, 0, -11, -5, -5, -8, -4]"
Cat3,15mph,lr,opposite,8,1625004302.415848000,/media/batool/MULTIMODAL_DATA/Multimodal_Data/Cat3/static_in_front/bag_files/Cat3_15mph_lr_opposite_8/lidar_pcd/ns1/velodyne_points/1625004302.415848000.pcd,/media/batool/MULTIMODAL_DATA/Multimodal_Data/Cat3/static_in_front/bag_files/Cat3_15mph_lr_opposite_8/camera_images/1625004302.6504211.jpg,42.33803733333333,-71.08660799999998,10008,10,7,8,55,"[5803, 6386, 6300, 9734, 5418, 6293, 7699, 5328, 10008, 6124, 6556, 5698, 9968, 5263, 5069, 9994, 6028, 8476, 9686, 6298, 5044, 9535, 7283, 0, 8235, 8767, 5052, 5251, 5202, 5057, 6717]","[1, 2, 3, 4, 6, 7, 8, 9, 10, 11, 12, 15, 16, 17, 18, 19, 20, 22, 23, 24, 25, 26, 27, 27, 29, 30, 30, 60, 61, 62, 63]",36.540067838581656,-10.147596879524675,"[-4, -3, -3, -1, -5, -4, -3, -5, 0, -5, -2, -4, -1, -5, -7, 0, -4, 0, -1, -4, -7, -2, -4, 0, -1, 0, -11, -5, -5, -8, -4]"
Cat3,15mph,lr,opposite,8,1625004302.516705000,/media/batool/MULTIMODAL_DATA/Multimodal_Data/Cat3/static_in_front/bag_files/Cat3_15mph_lr_opposite_8/lidar_pcd/ns1/velodyne_points/1625004302.516705000.pcd,/media/batool/MULTIMODAL_DATA/Multimodal_Data/Cat3/static_in_front/bag_files/Cat3_15mph_lr_opposite_8/camera_images/1625004302.6504211.jpg,42.33803733333333,-71.08660799999998,10008,10,7,8,55,"[5803, 6386, 6300, 9734, 5418, 6293, 7699, 5328, 10008, 6124, 6556, 5698, 9968, 5263, 5069, 9994, 6028, 8476, 9686, 6298, 5044, 9535, 7283, 0, 8235, 8767, 5052, 5251, 5202, 5057, 6717]","[1, 2, 3, 4, 6, 7, 8, 9, 10, 11, 12, 15, 16, 17, 18, 19, 20, 22, 23, 24, 25, 26, 27, 27, 29, 30, 30, 60, 61, 62, 63]",36.540067838581656,-10.147596879524675,"[-4, -3, -3, -1, -5, -4, -3, -5, 0, -5, -2, -4, -1, -5, -7, 0, -4, 0, -1, -4, -7, -2, -4, 0, -1, 0, -11, -5, -5, -8, -4]"
Cat3,15mph,lr,opposite,8,1625004302.617540000,/media/batool/MULTIMODAL_DATA/Multimodal_Data/Cat3/static_in_front/bag_files/Cat3_15mph_lr_opposite_8/lidar_pcd/ns1/velodyne_points/1625004302.617540000.pcd,/media/batool/MULTIMODAL_DATA/Multimodal_Data/Cat3/static_in_front/bag_files/Cat3_15mph_lr_opposite_8/camera_images/1625004302.6504211.jpg,42.338037333333325,-71.08660799999998,10008,10,7,8,55,"[5803, 6386, 6300, 9734, 5418, 6293, 7699, 5328, 10008, 6124, 6556, 5698, 9968, 5263, 5069, 9994, 6028, 8476, 9686, 6298, 5044, 9535, 7283, 0, 8235, 8767, 5052, 5251, 5202, 5057, 6717]","[1, 2, 3, 4, 6, 7, 8, 9, 10, 11, 12, 15, 16, 17, 18, 19, 20, 22, 23, 24, 25, 26, 27, 27, 29, 30, 30, 60, 61, 62, 63]",36.54006783858166,-10.147596880314167,"[-4, -3, -3, -1, -5, -4, -3, -5, 0, -5, -2, -4, -1, -5, -7, 0, -4, 0, -1, -4, -7, -2, -4, 0, -1, 0, -11, -5, -5, -8, -4]"
Cat3,15mph,lr,opposite,8,1625004302.718383000,/media/batool/MULTIMODAL_DATA/Multimodal_Data/Cat3/static_in_front/bag_files/Cat3_15mph_lr_opposite_8/lidar_pcd/ns1/velodyne_points/1625004302.718383000.pcd,/media/batool/MULTIMODAL_DATA/Multimodal_Data/Cat3/static_in_front/bag_files/Cat3_15mph_lr_opposite_8/camera_images/1625004302.7170877.jpg,42.33803733333333,-71.086608,10008,10,7,8,55,"[5803, 6386, 6300, 9734, 5418, 6293, 7699, 5328, 10008, 6124, 6556, 5698, 9968, 5263, 5069, 9994, 6028, 8476, 9686, 6298, 5044, 9535, 7283, 0, 8235, 8767, 5052, 5251, 5202, 5057, 6717]","[1, 2, 3, 4, 6, 7, 8, 9, 10, 11, 12, 15, 16, 17, 18, 19, 20, 22, 23, 24, 25, 26, 27, 27, 29, 30, 30, 60, 61, 62, 63]",36.540067837414504,-10.147596879524675,"[-4, -3, -3, -1, -5, -4, -3, -5, 0, -5, -2, -4, -1, -5, -7, 0, -4, 0, -1, -4, -7, -2, -4, 0, -1, 0, -11, -5, -5, -8, -4]"
Cat3,15mph,lr,opposite,8,1625004302.819261000,/media/batool/MULTIMODAL_DATA/Multimodal_Data/Cat3/static_in_front/bag_files/Cat3_15mph_lr_opposite_8/lidar_pcd/ns1/velodyne_points/1625004302.819261000.pcd,/media/batool/MULTIMODAL_DATA/Multimodal_Data/Cat3/static_in_front/bag_files/Cat3_15mph_lr_opposite_8/camera_images/1625004302.8170877.jpg,42.338037333333325,-71.08660799999998,10008,10,7,8,55,"[5803, 6386, 6300, 9734, 5418, 6293, 7699, 5328, 10008, 6124, 6556, 5698, 9968, 5263, 5069, 9994, 6028, 8476, 9686, 6298, 5044, 9535, 7283, 0, 8235, 8767, 5052, 5251, 5202, 5057, 6717]","[1, 2, 3, 4, 6, 7, 8, 9, 10, 11, 12, 15, 16, 17, 18, 19, 20, 22, 23, 24, 25, 26, 27, 27, 29, 30, 30, 60, 61, 62, 63]",36.54006783858166,-10.147596880314167,"[-4, -3, -3, -1, -5, -4, -3, -5, 0, -5, -2, -4, -1, -5, -7, 0, -4, 0, -1, -4, -7, -2, -4, 0, -1, 0, -11, -5, -5, -8, -4]"
Cat3,15mph,lr,opposite,8,1625004302.920141000,/media/batool/MULTIMODAL_DATA/Multimodal_Data/Cat3/static_in_front/bag_files/Cat3_15mph_lr_opposite_8/lidar_pcd/ns1/velodyne_points/1625004302.920141000.pcd,/media/batool/MULTIMODAL_DATA/Multimodal_Data/Cat3/static_in_front/bag_files/Cat3_15mph_lr_opposite_8/camera_images/1625004302.9170876.jpg,42.338037333333325,-71.086608,10008,10,7,8,55,"[5803, 6386, 6300, 9734, 5418, 6293, 7699, 5328, 10008, 6124, 6556, 5698, 9968, 5263, 5069, 9994, 6028, 8476, 9686, 6298, 5044, 9535, 7283, 0, 8235, 8767, 5052, 5251, 5202, 5057, 6717]","[1, 2, 3, 4, 6, 7, 8, 9, 10, 11, 12, 15, 16, 17, 18, 19, 20, 22, 23, 24, 25, 26, 27, 27, 29, 30, 30, 60, 61, 62, 63]",36.540067837414504,-10.147596880314167,"[-4, -3, -3, -1, -5, -4, -3, -5, 0, -5, -2, -4, -1, -5, -7, 0, -4, 0, -1, -4, -7, -2, -4, 0, -1, 0, -11, -5, -5, -8, -4]"
Cat3,15mph,lr,opposite,8,1625004303.020963000,/media/batool/MULTIMODAL_DATA/Multimodal_Data/Cat3/static_in_front/bag_files/Cat3_15mph_lr_opposite_8/lidar_pcd/ns1/velodyne_points/1625004303.020963000.pcd,/media/batool/MULTIMODAL_DATA/Multimodal_Data/Cat3/static_in_front/bag_files/Cat3_15mph_lr_opposite_8/camera_images/1625004303.0170875.jpg,42.338037333333325,-71.086608,10008,10,7,8,55,"[5803, 6386, 6300, 9734, 5418, 6293, 7699, 5328, 10008, 6124, 6556, 5698, 9968, 5263, 5069, 9994, 6028, 8476, 9686, 6298, 5044, 9535, 7283, 0, 8235, 8767, 5052, 5251, 5202, 5057, 6717]","[1, 2, 3, 4, 6, 7, 8, 9, 10, 11, 12, 15, 16, 17, 18, 19, 20, 22, 23, 24, 25, 26, 27, 27, 29, 30, 30, 60, 61, 62, 63]",36.540067837414504,-10.147596880314167,"[-4, -3, -3, -1, -5, -4, -3, -5, 0, -5, -2, -4, -1, -5, -7, 0, -4, 0, -1, -4, -7, -2, -4, 0, -1, 0, -11, -5, -5, -8, -4]"
Cat3,15mph,lr,opposite,8,1625004303.121802000,/media/batool/MULTIMODAL_DATA/Multimodal_Data/Cat3/static_in_front/bag_files/Cat3_15mph_lr_opposite_8/lidar_pcd/ns1/velodyne_points/1625004303.121802000.pcd,/media/batool/MULTIMODAL_DATA/Multimodal_Data/Cat3/static_in_front/bag_files/Cat3_15mph_lr_opposite_8/camera_images/1625004303.1170874.jpg,42.33803733333333,-71.086608,10008,10,7,8,55,"[5803, 6386, 6300, 9734, 5418, 6293, 7699, 5328, 10008, 6124, 6556, 5698, 9968, 5263, 5069, 9994, 6028, 8476, 9686, 6298, 5044, 9535, 7283, 0, 8235, 8767, 5052, 5251, 5202, 5057, 6717]","[1, 2, 3, 4, 6, 7, 8, 9, 10, 11, 12, 15, 16, 17, 18, 19, 20, 22, 23, 24, 25, 26, 27, 27, 29, 30, 30, 60, 61, 62, 63]",36.540067837414504,-10.147596879524675,"[-4, -3, -3, -1, -5, -4, -3, -5, 0, -5, -2, -4, -1, -5, -7, 0, -4, 0, -1, -4, -7, -2, -4, 0, -1, 0, -11, -5, -5, -8, -4]"
Cat3,15mph,lr,opposite,8,1625004303.222682000,/media/batool/MULTIMODAL_DATA/Multimodal_Data/Cat3/static_in_front/bag_files/Cat3_15mph_lr_opposite_8/lidar_pcd/ns1/velodyne_points/1625004303.222682000.pcd,/media/batool/MULTIMODAL_DATA/Multimodal_Data/Cat3/static_in_front/bag_files/Cat3_15mph_lr_opposite_8/camera_images/1625004303.2170873.jpg,42.338037333333325,-71.086608,9551,19,8,8,50,"[5120, 0, 4915, 7800, 5532, 5296, 5346, 4416, 9311, 5048, 6003, 4908, 8219, 5150, 9551, 5175, 7981, 6890, 5431, 4918, 7761, 6054, 5146, 6962, 8661, 4925, 5114, 4592, 6238]","[1, 2, 3, 4, 6, 7, 8, 9, 10, 10, 12, 15, 16, 17, 19, 20, 22, 23, 24, 25, 26, 27, 28, 29, 30, 60, 61, 61, 63]",36.540067837414504,-10.147596880314167,"[-4, 0, -3, -1, -5, -4, -2, -5, 0, -15, -1, -4, 0, -4, -1, -5, 0, -1, -3, -5, -1, -5, -5, 0, 0, -6, -6, -8, -3]"
Cat3,15mph,lr,opposite,8,1625004303.323561000,/media/batool/MULTIMODAL_DATA/Multimodal_Data/Cat3/static_in_front/bag_files/Cat3_15mph_lr_opposite_8/lidar_pcd/ns1/velodyne_points/1625004303.323561000.pcd,/media/batool/MULTIMODAL_DATA/Multimodal_Data/Cat3/static_in_front/bag_files/Cat3_15mph_lr_opposite_8/camera_images/1625004303.3170872.jpg,42.338037333333325,-71.086608,9551,19,8,8,50,"[5120, 0, 4915, 7800, 5532, 5296, 5346, 4416, 9311, 5048, 6003, 4908, 8219, 5150, 9551, 5175, 7981, 6890, 5431, 4918, 7761, 6054, 5146, 6962, 8661, 4925, 5114, 4592, 6238]","[1, 2, 3, 4, 6, 7, 8, 9, 10, 10, 12, 15, 16, 17, 19, 20, 22, 23, 24, 25, 26, 27, 28, 29, 30, 60, 61, 61, 63]",36.540067837414504,-10.147596880314167,"[-4, 0, -3, -1, -5, -4, -2, -5, 0, -15, -1, -4, 0, -4, -1, -5, 0, -1, -3, -5, -1, -5, -5, 0, 0, -6, -6, -8, -3]"
Cat3,15mph,lr,opposite,8,1625004303.424400000,/media/batool/MULTIMODAL_DATA/Multimodal_Data/Cat3/static_in_front/bag_files/Cat3_15mph_lr_opposite_8/lidar_pcd/ns1/velodyne_points/1625004303.424400000.pcd,/media/batool/MULTIMODAL_DATA/Multimodal_Data/Cat3/static_in_front/bag_files/Cat3_15mph_lr_opposite_8/camera_images/1625004303.417087.jpg,42.338037333333325,-71.086608,9551,19,8,8,50,"[5120, 0, 4915, 7800, 5532, 5296, 5346, 4416, 9311, 5048, 6003, 4908, 8219, 5150, 9551, 5175, 7981, 6890, 5431, 4918, 7761, 6054, 5146, 6962, 8661, 4925, 5114, 4592, 6238]","[1, 2, 3, 4, 6, 7, 8, 9, 10, 10, 12, 15, 16, 17, 19, 20, 22, 23, 24, 25, 26, 27, 28, 29, 30, 60, 61, 61, 63]",36.540067837414504,-10.147596880314167,"[-4, 0, -3, -1, -5, -4, -2, -5, 0, -15, -1, -4, 0, -4, -1, -5, 0, -1, -3, -5, -1, -5, -5, 0, 0, -6, -6, -8, -3]"
Cat3,15mph,lr,opposite,8,1625004303.626136000,/media/batool/MULTIMODAL_DATA/Multimodal_Data/Cat3/static_in_front/bag_files/Cat3_15mph_lr_opposite_8/lidar_pcd/ns1/velodyne_points/1625004303.626136000.pcd,/media/batool/MULTIMODAL_DATA/Multimodal_Data/Cat3/static_in_front/bag_files/Cat3_15mph_lr_opposite_8/camera_images/1625004303.617087.jpg,42.338037333333325,-71.086608,9551,19,8,8,50,"[5120, 0, 4915, 7800, 5532, 5296, 5346, 4416, 9311, 5048, 6003, 4908, 8219, 5150, 9551, 5175, 7981, 6890, 5431, 4918, 7761, 6054, 5146, 6962, 8661, 4925, 5114, 4592, 6238]","[1, 2, 3, 4, 6, 7, 8, 9, 10, 10, 12, 15, 16, 17, 19, 20, 22, 23, 24, 25, 26, 27, 28, 29, 30, 60, 61, 61, 63]",36.540067837414504,-10.147596880314167,"[-4, 0, -3, -1, -5, -4, -2, -5, 0, -15, -1, -4, 0, -4, -1, -5, 0, -1, -3, -5, -1, -5, -5, 0, 0, -6, -6, -8, -3]"
Cat3,15mph,lr,opposite,8,1625004303.726987000,/media/batool/MULTIMODAL_DATA/Multimodal_Data/Cat3/static_in_front/bag_files/Cat3_15mph_lr_opposite_8/lidar_pcd/ns1/velodyne_points/1625004303.726987000.pcd,/media/batool/MULTIMODAL_DATA/Multimodal_Data/Cat3/static_in_front/bag_files/Cat3_15mph_lr_opposite_8/camera_images/1625004303.7170868.jpg,42.33803733333333,-71.086608,9551,19,8,8,50,"[5120, 0, 4915, 7800, 5532, 5296, 5346, 4416, 9311, 5048, 6003, 4908, 8219, 5150, 9551, 5175, 7981, 6890, 5431, 4918, 7761, 6054, 5146, 6962, 8661, 4925, 5114, 4592, 6238]","[1, 2, 3, 4, 6, 7, 8, 9, 10, 10, 12, 15, 16, 17, 19, 20, 22, 23, 24, 25, 26, 27, 28, 29, 30, 60, 61, 61, 63]",36.540067837414504,-10.147596879524675,"[-4, 0, -3, -1, -5, -4, -2, -5, 0, -15, -1, -4, 0, -4, -1, -5, 0, -1, -3, -5, -1, -5, -5, 0, 0, -6, -6, -8, -3]"
Cat3,15mph,lr,opposite,8,1625004303.827788000,/media/batool/MULTIMODAL_DATA/Multimodal_Data/Cat3/static_in_front/bag_files/Cat3_15mph_lr_opposite_8/lidar_pcd/ns1/velodyne_points/1625004303.827788000.pcd,/media/batool/MULTIMODAL_DATA/Multimodal_Data/Cat3/static_in_front/bag_files/Cat3_15mph_lr_opposite_8/camera_images/1625004303.8170867.jpg,42.338037333333325,-71.086608,9551,19,8,8,50,"[5120, 0, 4915, 7800, 5532, 5296, 5346, 4416, 9311, 5048, 6003, 4908, 8219, 5150, 9551, 5175, 7981, 6890, 5431, 4918, 7761, 6054, 5146, 6962, 8661, 4925, 5114, 4592, 6238]","[1, 2, 3, 4, 6, 7, 8, 9, 10, 10, 12, 15, 16, 17, 19, 20, 22, 23, 24, 25, 26, 27, 28, 29, 30, 60, 61, 61, 63]",36.540067837414504,-10.147596880314167,"[-4, 0, -3, -1, -5, -4, -2, -5, 0, -15, -1, -4, 0, -4, -1, -5, 0, -1, -3, -5, -1, -5, -5, 0, 0, -6, -6, -8, -3]"
Cat3,15mph,lr,opposite,8,1625004303.928684000,/media/batool/MULTIMODAL_DATA/Multimodal_Data/Cat3/static_in_front/bag_files/Cat3_15mph_lr_opposite_8/lidar_pcd/ns1/velodyne_points/1625004303.928684000.pcd,/media/batool/MULTIMODAL_DATA/Multimodal_Data/Cat3/static_in_front/bag_files/Cat3_15mph_lr_opposite_8/camera_images/1625004303.9170866.jpg,42.338037333333325,-71.086608,9551,19,8,8,50,"[5120, 0, 4915, 7800, 5532, 5296, 5346, 4416, 9311, 5048, 6003, 4908, 8219, 5150, 9551, 5175, 7981, 6890, 5431, 4918, 7761, 6054, 5146, 6962, 8661, 4925, 5114, 4592, 6238]","[1, 2, 3, 4, 6, 7, 8, 9, 10, 10, 12, 15, 16, 17, 19, 20, 22, 23, 24, 25, 26, 27, 28, 29, 30, 60, 61, 61, 63]",36.540067837414504,-10.147596880314167,"[-4, 0, -3, -1, -5, -4, -2, -5, 0, -15, -1, -4, 0, -4, -1, -5, 0, -1, -3, -5, -1, -5, -5, 0, 0, -6, -6, -8, -3]"
Cat3,15mph,lr,opposite,8,1625004304.029537000,/media/batool/MULTIMODAL_DATA/Multimodal_Data/Cat3/static_in_front/bag_files/Cat3_15mph_lr_opposite_8/lidar_pcd/ns1/velodyne_points/1625004304.029537000.pcd,/media/batool/MULTIMODAL_DATA/Multimodal_Data/Cat3/static_in_front/bag_files/Cat3_15mph_lr_opposite_8/camera_images/1625004304.0170865.jpg,42.338037333333325,-71.086608,9551,19,8,8,50,"[5120, 0, 4915, 7800, 5532, 5296, 5346, 4416, 9311, 5048, 6003, 4908, 8219, 5150, 9551, 5175, 7981, 6890, 5431, 4918, 7761, 6054, 5146, 6962, 8661, 4925, 5114, 4592, 6238]","[1, 2, 3, 4, 6, 7, 8, 9, 10, 10, 12, 15, 16, 17, 19, 20, 22, 23, 24, 25, 26, 27, 28, 29, 30, 60, 61, 61, 63]",36.540067837414504,-10.147596880314167,"[-4, 0, -3, -1, -5, -4, -2, -5, 0, -15, -1, -4, 0, -4, -1, -5, 0, -1, -3, -5, -1, -5, -5, 0, 0, -6, -6, -8, -3]"
Cat3,15mph,lr,opposite,8,1625004304.130399000,/media/batool/MULTIMODAL_DATA/Multimodal_Data/Cat3/static_in_front/bag_files/Cat3_15mph_lr_opposite_8/lidar_pcd/ns1/velodyne_points/1625004304.130399000.pcd,/media/batool/MULTIMODAL_DATA/Multimodal_Data/Cat3/static_in_front/bag_files/Cat3_15mph_lr_opposite_8/camera_images/1625004304.1170864.jpg,42.338037333333325,-71.086608,9551,19,8,8,50,"[5120, 0, 4915, 7800, 5532, 5296, 5346, 4416, 9311, 5048, 6003, 4908, 8219, 5150, 9551, 5175, 7981, 6890, 5431, 4918, 7761, 6054, 5146, 6962, 8661, 4925, 5114, 4592, 6238]","[1, 2, 3, 4, 6, 7, 8, 9, 10, 10, 12, 15, 16, 17, 19, 20, 22, 23, 24, 25, 26, 27, 28, 29, 30, 60, 61, 61, 63]",36.540067837414504,-10.147596880314167,"[-4, 0, -3, -1, -5, -4, -2, -5, 0, -15, -1, -4, 0, -4, -1, -5, 0, -1, -3, -5, -1, -5, -5, 0, 0, -6, -6, -8, -3]"
Cat3,15mph,lr,opposite,8,1625004304.231243000,/media/batool/MULTIMODAL_DATA/Multimodal_Data/Cat3/static_in_front/bag_files/Cat3_15mph_lr_opposite_8/lidar_pcd/ns1/velodyne_points/1625004304.231243000.pcd,/media/batool/MULTIMODAL_DATA/Multimodal_Data/Cat3/static_in_front/bag_files/Cat3_15mph_lr_opposite_8/camera_images/1625004304.2170863.jpg,42.33803733333333,-71.086608,9551,19,8,8,50,"[5120, 0, 4915, 7800, 5532, 5296, 5346, 4416, 9311, 5048, 6003, 4908, 8219, 5150, 9551, 5175, 7981, 6890, 5431, 4918, 7761, 6054, 5146, 6962, 8661, 4925, 5114, 4592, 6238]","[1, 2, 3, 4, 6, 7, 8, 9, 10, 10, 12, 15, 16, 17, 19, 20, 22, 23, 24, 25, 26, 27, 28, 29, 30, 60, 61, 61, 63]",36.540067837414504,-10.147596879524675,"[-4, 0, -3, -1, -5, -4, -2, -5, 0, -15, -1, -4, 0, -4, -1, -5, 0, -1, -3, -5, -1, -5, -5, 0, 0, -6, -6, -8, -3]"
Cat3,15mph,lr,opposite,8,1625004303.525272000,/media/batool/MULTIMODAL_DATA/Multimodal_Data/Cat3/static_in_front/bag_files/Cat3_15mph_lr_opposite_8/lidar_pcd/ns1/velodyne_points/1625004303.525272000.pcd,/media/batool/MULTIMODAL_DATA/Multimodal_Data/Cat3/static_in_front/bag_files/Cat3_15mph_lr_opposite_8/camera_images/1625004303.517087.jpg,42.338037333333325,-71.086608,9551,19,8,8,50,"[5120, 0, 4915, 7800, 5532, 5296, 5346, 4416, 9311, 5048, 6003, 4908, 8219, 5150, 9551, 5175, 7981, 6890, 5431, 4918, 7761, 6054, 5146, 6962, 8661, 4925, 5114, 4592, 6238]","[1, 2, 3, 4, 6, 7, 8, 9, 10, 10, 12, 15, 16, 17, 19, 20, 22, 23, 24, 25, 26, 27, 28, 29, 30, 60, 61, 61, 63]",36.540067837414504,-10.147596880314167,"[-4, 0, -3, -1, -5, -4, -2, -5, 0, -15, -1, -4, 0, -4, -1, -5, 0, -1, -3, -5, -1, -5, -5, 0, 0, -6, -6, -8, -3]"
Cat3,15mph,lr,opposite,8,1625004304.332117000,/media/batool/MULTIMODAL_DATA/Multimodal_Data/Cat3/static_in_front/bag_files/Cat3_15mph_lr_opposite_8/lidar_pcd/ns1/velodyne_points/1625004304.332117000.pcd,/media/batool/MULTIMODAL_DATA/Multimodal_Data/Cat3/static_in_front/bag_files/Cat3_15mph_lr_opposite_8/camera_images/1625004304.3170862.jpg,42.33803733333333,-71.086608,9782,10,8,8,40,"[5550, 7332, 6188, 6802, 5262, 6214, 6216, 5224, 9782, 5080, 6343, 5218, 9564, 5102, 8844, 6072, 8459, 8047, 7474, 5068, 7849, 6025, 4562, 6835, 9699, 4500, 4846, 5020, 5831]","[1, 2, 3, 4, 6, 7, 8, 9, 10, 11, 12, 15, 16, 17, 19, 20, 22, 23, 24, 25, 26, 27, 28, 29, 30, 30, 60, 61, 63]",36.540067837414504,-10.147596879524675,"[-6, -4, -3, -2, -5, -3, -2, -4, 0, -7, -2, -4, -1, -5, -1, -5, 0, -1, -3, -7, -2, -4, -5, 0, 0, -7, -5, -7, -3]"
Cat3,15mph,lr,opposite,8,1625004304.432994000,/media/batool/MULTIMODAL_DATA/Multimodal_Data/Cat3/static_in_front/bag_files/Cat3_15mph_lr_opposite_8/lidar_pcd/ns1/velodyne_points/1625004304.432994000.pcd,/media/batool/MULTIMODAL_DATA/Multimodal_Data/Cat3/static_in_front/bag_files/Cat3_15mph_lr_opposite_8/camera_images/1625004304.4170861.jpg,42.338037333333325,-71.086608,9782,10,8,8,40,"[5550, 7332, 6188, 6802, 5262, 6214, 6216, 5224, 9782, 5080, 6343, 5218, 9564, 5102, 8844, 6072, 8459, 8047, 7474, 5068, 7849, 6025, 4562, 6835, 9699, 4500, 4846, 5020, 5831]","[1, 2, 3, 4, 6, 7, 8, 9, 10, 11, 12, 15, 16, 17, 19, 20, 22, 23, 24, 25, 26, 27, 28, 29, 30, 30, 60, 61, 63]",36.540067837414504,-10.147596880314167,"[-6, -4, -3, -2, -5, -3, -2, -4, 0, -7, -2, -4, -1, -5, -1, -5, 0, -1, -3, -7, -2, -4, -5, 0, 0, -7, -5, -7, -3]"
Cat3,15mph,lr,opposite,8,1625004304.533806000,/media/batool/MULTIMODAL_DATA/Multimodal_Data/Cat3/static_in_front/bag_files/Cat3_15mph_lr_opposite_8/lidar_pcd/ns1/velodyne_points/1625004304.533806000.pcd,/media/batool/MULTIMODAL_DATA/Multimodal_Data/Cat3/static_in_front/bag_files/Cat3_15mph_lr_opposite_8/camera_images/1625004304.5504193.jpg,42.33803733333333,-71.086608,9782,10,8,8,40,"[5550, 7332, 6188, 6802, 5262, 6214, 6216, 5224, 9782, 5080, 6343, 5218, 9564, 5102, 8844, 6072, 8459, 8047, 7474, 5068, 7849, 6025, 4562, 6835, 9699, 4500, 4846, 5020, 5831]","[1, 2, 3, 4, 6, 7, 8, 9, 10, 11, 12, 15, 16, 17, 19, 20, 22, 23, 24, 25, 26, 27, 28, 29, 30, 30, 60, 61, 63]",36.540067837414504,-10.147596879524675,"[-6, -4, -3, -2, -5, -3, -2, -4, 0, -7, -2, -4, -1, -5, -1, -5, 0, -1, -3, -7, -2, -4, -5, 0, 0, -7, -5, -7, -3]"
Cat3,15mph,lr,opposite,8,1625004304.634683000,/media/batool/MULTIMODAL_DATA/Multimodal_Data/Cat3/static_in_front/bag_files/Cat3_15mph_lr_opposite_8/lidar_pcd/ns1/velodyne_points/1625004304.634683000.pcd,/media/batool/MULTIMODAL_DATA/Multimodal_Data/Cat3/static_in_front/bag_files/Cat3_15mph_lr_opposite_8/camera_images/1625004304.6504192.jpg,42.338037333333325,-71.086608,9782,10,8,8,40,"[5550, 7332, 6188, 6802, 5262, 6214, 6216, 5224, 9782, 5080, 6343, 5218, 9564, 5102, 8844, 6072, 8459, 8047, 7474, 5068, 7849, 6025, 4562, 6835, 9699, 4500, 4846, 5020, 5831]","[1, 2, 3, 4, 6, 7, 8, 9, 10, 11, 12, 15, 16, 17, 19, 20, 22, 23, 24, 25, 26, 27, 28, 29, 30, 30, 60, 61, 63]",36.540067837414504,-10.147596880314167,"[-6, -4, -3, -2, -5, -3, -2, -4, 0, -7, -2, -4, -1, -5, -1, -5, 0, -1, -3, -7, -2, -4, -5, 0, 0, -7, -5, -7, -3]"
Cat3,15mph,lr,opposite,8,1625004304.735557000,/media/batool/MULTIMODAL_DATA/Multimodal_Data/Cat3/static_in_front/bag_files/Cat3_15mph_lr_opposite_8/lidar_pcd/ns1/velodyne_points/1625004304.735557000.pcd,/media/batool/MULTIMODAL_DATA/Multimodal_Data/Cat3/static_in_front/bag_files/Cat3_15mph_lr_opposite_8/camera_images/1625004304.7504191.jpg,42.338037333333325,-71.086608,9782,10,8,8,40,"[5550, 7332, 6188, 6802, 5262, 6214, 6216, 5224, 9782, 5080, 6343, 5218, 9564, 5102, 8844, 6072, 8459, 8047, 7474, 5068, 7849, 6025, 4562, 6835, 9699, 4500, 4846, 5020, 5831]","[1, 2, 3, 4, 6, 7, 8, 9, 10, 11, 12, 15, 16, 17, 19, 20, 22, 23, 24, 25, 26, 27, 28, 29, 30, 30, 60, 61, 63]",36.540067837414504,-10.147596880314167,"[-6, -4, -3, -2, -5, -3, -2, -4, 0, -7, -2, -4, -1, -5, -1, -5, 0, -1, -3, -7, -2, -4, -5, 0, 0, -7, -5, -7, -3]"
Cat3,15mph,lr,opposite,8,1625004304.836411000,/media/batool/MULTIMODAL_DATA/Multimodal_Data/Cat3/static_in_front/bag_files/Cat3_15mph_lr_opposite_8/lidar_pcd/ns1/velodyne_points/1625004304.836411000.pcd,/media/batool/MULTIMODAL_DATA/Multimodal_Data/Cat3/static_in_front/bag_files/Cat3_15mph_lr_opposite_8/camera_images/1625004304.850419.jpg,42.33803733333333,-71.086608,9782,10,8,8,40,"[5550, 7332, 6188, 6802, 5262, 6214, 6216, 5224, 9782, 5080, 6343, 5218, 9564, 5102, 8844, 6072, 8459, 8047, 7474, 5068, 7849, 6025, 4562, 6835, 9699, 4500, 4846, 5020, 5831]","[1, 2, 3, 4, 6, 7, 8, 9, 10, 11, 12, 15, 16, 17, 19, 20, 22, 23, 24, 25, 26, 27, 28, 29, 30, 30, 60, 61, 63]",36.540067837414504,-10.147596879524675,"[-6, -4, -3, -2, -5, -3, -2, -4, 0, -7, -2, -4, -1, -5, -1, -5, 0, -1, -3, -7, -2, -4, -5, 0, 0, -7, -5, -7, -3]"
Cat3,15mph,lr,opposite,8,1625004304.937249000,/media/batool/MULTIMODAL_DATA/Multimodal_Data/Cat3/static_in_front/bag_files/Cat3_15mph_lr_opposite_8/lidar_pcd/ns1/velodyne_points/1625004304.937249000.pcd,/media/batool/MULTIMODAL_DATA/Multimodal_Data/Cat3/static_in_front/bag_files/Cat3_15mph_lr_opposite_8/camera_images/1625004304.950419.jpg,42.338037333333325,-71.086608,9782,10,8,8,40,"[5550, 7332, 6188, 6802, 5262, 6214, 6216, 5224, 9782, 5080, 6343, 5218, 9564, 5102, 8844, 6072, 8459, 8047, 7474, 5068, 7849, 6025, 4562, 6835, 9699, 4500, 4846, 5020, 5831]","[1, 2, 3, 4, 6, 7, 8, 9, 10, 11, 12, 15, 16, 17, 19, 20, 22, 23, 24, 25, 26, 27, 28, 29, 30, 30, 60, 61, 63]",36.540067837414504,-10.147596880314167,"[-6, -4, -3, -2, -5, -3, -2, -4, 0, -7, -2, -4, -1, -5, -1, -5, 0, -1, -3, -7, -2, -4, -5, 0, 0, -7, -5, -7, -3]"
Cat3,15mph,lr,opposite,8,1625004305.138964000,/media/batool/MULTIMODAL_DATA/Multimodal_Data/Cat3/static_in_front/bag_files/Cat3_15mph_lr_opposite_8/lidar_pcd/ns1/velodyne_points/1625004305.138964000.pcd,/media/batool/MULTIMODAL_DATA/Multimodal_Data/Cat3/static_in_front/bag_files/Cat3_15mph_lr_opposite_8/camera_images/1625004305.1504188.jpg,42.33803733333333,-71.086608,9782,10,8,8,40,"[5550, 7332, 6188, 6802, 5262, 6214, 6216, 5224, 9782, 5080, 6343, 5218, 9564, 5102, 8844, 6072, 8459, 8047, 7474, 5068, 7849, 6025, 4562, 6835, 9699, 4500, 4846, 5020, 5831]","[1, 2, 3, 4, 6, 7, 8, 9, 10, 11, 12, 15, 16, 17, 19, 20, 22, 23, 24, 25, 26, 27, 28, 29, 30, 30, 60, 61, 63]",36.540067837414504,-10.147596879524675,"[-6, -4, -3, -2, -5, -3, -2, -4, 0, -7, -2, -4, -1, -5, -1, -5, 0, -1, -3, -7, -2, -4, -5, 0, 0, -7, -5, -7, -3]"
Cat3,15mph,lr,opposite,8,1625004305.239823000,/media/batool/MULTIMODAL_DATA/Multimodal_Data/Cat3/static_in_front/bag_files/Cat3_15mph_lr_opposite_8/lidar_pcd/ns1/velodyne_points/1625004305.239823000.pcd,/media/batool/MULTIMODAL_DATA/Multimodal_Data/Cat3/static_in_front/bag_files/Cat3_15mph_lr_opposite_8/camera_images/1625004305.2170854.jpg,42.338037333333325,-71.08660800000001,9782,10,8,8,40,"[5550, 7332, 6188, 6802, 5262, 6214, 6216, 5224, 9782, 5080, 6343, 5218, 9564, 5102, 8844, 6072, 8459, 8047, 7474, 5068, 7849, 6025, 4562, 6835, 9699, 4500, 4846, 5020, 5831]","[1, 2, 3, 4, 6, 7, 8, 9, 10, 11, 12, 15, 16, 17, 19, 20, 22, 23, 24, 25, 26, 27, 28, 29, 30, 30, 60, 61, 63]",36.540067836247346,-10.147596880314167,"[-6, -4, -3, -2, -5, -3, -2, -4, 0, -7, -2, -4, -1, -5, -1, -5, 0, -1, -3, -7, -2, -4, -5, 0, 0, -7, -5, -7, -3]"
Cat3,15mph,lr,opposite,8,1625004305.038123000,/media/batool/MULTIMODAL_DATA/Multimodal_Data/Cat3/static_in_front/bag_files/Cat3_15mph_lr_opposite_8/lidar_pcd/ns1/velodyne_points/1625004305.038123000.pcd,/media/batool/MULTIMODAL_DATA/Multimodal_Data/Cat3/static_in_front/bag_files/Cat3_15mph_lr_opposite_8/camera_images/1625004305.0504189.jpg,42.33803733333333,-71.086608,9782,10,8,8,40,"[5550, 7332, 6188, 6802, 5262, 6214, 6216, 5224, 9782, 5080, 6343, 5218, 9564, 5102, 8844, 6072, 8459, 8047, 7474, 5068, 7849, 6025, 4562, 6835, 9699, 4500, 4846, 5020, 5831]","[1, 2, 3, 4, 6, 7, 8, 9, 10, 11, 12, 15, 16, 17, 19, 20, 22, 23, 24, 25, 26, 27, 28, 29, 30, 30, 60, 61, 63]",36.540067837414504,-10.147596879524675,"[-6, -4, -3, -2, -5, -3, -2, -4, 0, -7, -2, -4, -1, -5, -1, -5, 0, -1, -3, -7, -2, -4, -5, 0, 0, -7, -5, -7, -3]"
Cat3,15mph,lr,opposite,8,1625004305.340687000,/media/batool/MULTIMODAL_DATA/Multimodal_Data/Cat3/static_in_front/bag_files/Cat3_15mph_lr_opposite_8/lidar_pcd/ns1/velodyne_points/1625004305.340687000.pcd,/media/batool/MULTIMODAL_DATA/Multimodal_Data/Cat3/static_in_front/bag_files/Cat3_15mph_lr_opposite_8/camera_images/1625004305.3504186.jpg,42.33803733333333,-71.086608,9625,30,8,8,60,"[4764, 6226, 6306, 7836, 4560, 6150, 5188, 4328, 6796, 5985, 6254, 4764, 9181, 5081, 4218, 9532, 5115, 7625, 6689, 5176, 4228, 6627, 5164, 4976, 5876, 9625, 4324, 4682, 5740, 5620]","[1, 2, 3, 4, 6, 7, 8, 9, 10, 11, 12, 15, 16, 17, 18, 19, 20, 22, 23, 24, 25, 26, 27, 28, 29, 30, 30, 60, 61, 63]",36.540067837414504,-10.147596879524675,"[-5, -4, -3, -1, -4, -4, -3, -4, -1, -5, -2, -4, 0, -5, -7, -1, -5, -1, -1, -4, -6, -2, -5, -4, -1, 0, -8, -6, -6, -3]"
Cat3,15mph,lr,opposite,8,1625004305.441557000,/media/batool/MULTIMODAL_DATA/Multimodal_Data/Cat3/static_in_front/bag_files/Cat3_15mph_lr_opposite_8/lidar_pcd/ns1/velodyne_points/1625004305.441557000.pcd,/media/batool/MULTIMODAL_DATA/Multimodal_Data/Cat3/static_in_front/bag_files/Cat3_15mph_lr_opposite_8/camera_images/1625004305.4504185.jpg,42.33803733333333,-71.086608,9625,30,8,8,60,"[4764, 6226, 6306, 7836, 4560, 6150, 5188, 4328, 6796, 5985, 6254, 4764, 9181, 5081, 4218, 9532, 5115, 7625, 6689, 5176, 4228, 6627, 5164, 4976, 5876, 9625, 4324, 4682, 5740, 5620]","[1, 2, 3, 4, 6, 7, 8, 9, 10, 11, 12, 15, 16, 17, 18, 19, 20, 22, 23, 24, 25, 26, 27, 28, 29, 30, 30, 60, 61, 63]",36.540067837414504,-10.147596879524675,"[-5, -4, -3, -1, -4, -4, -3, -4, -1, -5, -2, -4, 0, -5, -7, -1, -5, -1, -1, -4, -6, -2, -5, -4, -1, 0, -8, -6, -6, -3]"
Cat3,15mph,lr,opposite,8,1625004305.542387000,/media/batool/MULTIMODAL_DATA/Multimodal_Data/Cat3/static_in_front/bag_files/Cat3_15mph_lr_opposite_8/lidar_pcd/ns1/velodyne_points/1625004305.542387000.pcd,/media/batool/MULTIMODAL_DATA/Multimodal_Data/Cat3/static_in_front/bag_files/Cat3_15mph_lr_opposite_8/camera_images/1625004305.5504184.jpg,42.33803733333333,-71.086608,9625,30,8,8,60,"[4764, 6226, 6306, 7836, 4560, 6150, 5188, 4328, 6796, 5985, 6254, 4764, 9181, 5081, 4218, 9532, 5115, 7625, 6689, 5176, 4228, 6627, 5164, 4976, 5876, 9625, 4324, 4682, 5740, 5620]","[1, 2, 3, 4, 6, 7, 8, 9, 10, 11, 12, 15, 16, 17, 18, 19, 20, 22, 23, 24, 25, 26, 27, 28, 29, 30, 30, 60, 61, 63]",36.540067837414504,-10.147596879524675,"[-5, -4, -3, -1, -4, -4, -3, -4, -1, -5, -2, -4, 0, -5, -7, -1, -5, -1, -1, -4, -6, -2, -5, -4, -1, 0, -8, -6, -6, -3]"
Cat3,15mph,lr,opposite,8,1625004305.643267000,/media/batool/MULTIMODAL_DATA/Multimodal_Data/Cat3/static_in_front/bag_files/Cat3_15mph_lr_opposite_8/lidar_pcd/ns1/velodyne_points/1625004305.643267000.pcd,/media/batool/MULTIMODAL_DATA/Multimodal_Data/Cat3/static_in_front/bag_files/Cat3_15mph_lr_opposite_8/camera_images/1625004305.6504183.jpg,42.33803733333333,-71.086608,9625,30,8,8,60,"[4764, 6226, 6306, 7836, 4560, 6150, 5188, 4328, 6796, 5985, 6254, 4764, 9181, 5081, 4218, 9532, 5115, 7625, 6689, 5176, 4228, 6627, 5164, 4976, 5876, 9625, 4324, 4682, 5740, 5620]","[1, 2, 3, 4, 6, 7, 8, 9, 10, 11, 12, 15, 16, 17, 18, 19, 20, 22, 23, 24, 25, 26, 27, 28, 29, 30, 30, 60, 61, 63]",36.540067837414504,-10.147596879524675,"[-5, -4, -3, -1, -4, -4, -3, -4, -1, -5, -2, -4, 0, -5, -7, -1, -5, -1, -1, -4, -6, -2, -5, -4, -1, 0, -8, -6, -6, -3]"
Cat3,15mph,lr,opposite,8,1625004305.744119000,/media/batool/MULTIMODAL_DATA/Multimodal_Data/Cat3/static_in_front/bag_files/Cat3_15mph_lr_opposite_8/lidar_pcd/ns1/velodyne_points/1625004305.744119000.pcd,/media/batool/MULTIMODAL_DATA/Multimodal_Data/Cat3/static_in_front/bag_files/Cat3_15mph_lr_opposite_8/camera_images/1625004305.7504182.jpg,42.33803733333333,-71.08660799999998,9625,30,8,8,60,"[4764, 6226, 6306, 7836, 4560, 6150, 5188, 4328, 6796, 5985, 6254, 4764, 9181, 5081, 4218, 9532, 5115, 7625, 6689, 5176, 4228, 6627, 5164, 4976, 5876, 9625, 4324, 4682, 5740, 5620]","[1, 2, 3, 4, 6, 7, 8, 9, 10, 11, 12, 15, 16, 17, 18, 19, 20, 22, 23, 24, 25, 26, 27, 28, 29, 30, 30, 60, 61, 63]",36.540067838581656,-10.147596879524675,"[-5, -4, -3, -1, -4, -4, -3, -4, -1, -5, -2, -4, 0, -5, -7, -1, -5, -1, -1, -4, -6, -2, -5, -4, -1, 0, -8, -6, -6, -3]"
Cat3,15mph,lr,opposite,8,1625004305.844990000,/media/batool/MULTIMODAL_DATA/Multimodal_Data/Cat3/static_in_front/bag_files/Cat3_15mph_lr_opposite_8/lidar_pcd/ns1/velodyne_points/1625004305.844990000.pcd,/media/batool/MULTIMODAL_DATA/Multimodal_Data/Cat3/static_in_front/bag_files/Cat3_15mph_lr_opposite_8/camera_images/1625004305.850418.jpg,42.33803733333333,-71.08660799999998,9625,30,8,8,60,"[4764, 6226, 6306, 7836, 4560, 6150, 5188, 4328, 6796, 5985, 6254, 4764, 9181, 5081, 4218, 9532, 5115, 7625, 6689, 5176, 4228, 6627, 5164, 4976, 5876, 9625, 4324, 4682, 5740, 5620]","[1, 2, 3, 4, 6, 7, 8, 9, 10, 11, 12, 15, 16, 17, 18, 19, 20, 22, 23, 24, 25, 26, 27, 28, 29, 30, 30, 60, 61, 63]",36.540067838581656,-10.147596879524675,"[-5, -4, -3, -1, -4, -4, -3, -4, -1, -5, -2, -4, 0, -5, -7, -1, -5, -1, -1, -4, -6, -2, -5, -4, -1, 0, -8, -6, -6, -3]"
Cat3,15mph,lr,opposite,8,1625004305.945816000,/media/batool/MULTIMODAL_DATA/Multimodal_Data/Cat3/static_in_front/bag_files/Cat3_15mph_lr_opposite_8/lidar_pcd/ns1/velodyne_points/1625004305.945816000.pcd,/media/batool/MULTIMODAL_DATA/Multimodal_Data/Cat3/static_in_front/bag_files/Cat3_15mph_lr_opposite_8/camera_images/1625004305.950418.jpg,42.33803733333333,-71.086608,9625,30,8,8,60,"[4764, 6226, 6306, 7836, 4560, 6150, 5188, 4328, 6796, 5985, 6254, 4764, 9181, 5081, 4218, 9532, 5115, 7625, 6689, 5176, 4228, 6627, 5164, 4976, 5876, 9625, 4324, 4682, 5740, 5620]","[1, 2, 3, 4, 6, 7, 8, 9, 10, 11, 12, 15, 16, 17, 18, 19, 20, 22, 23, 24, 25, 26, 27, 28, 29, 30, 30, 60, 61, 63]",36.540067837414504,-10.147596879524675,"[-5, -4, -3, -1, -4, -4, -3, -4, -1, -5, -2, -4, 0, -5, -7, -1, -5, -1, -1, -4, -6, -2, -5, -4, -1, 0, -8, -6, -6, -3]"
Cat3,15mph,lr,opposite,8,1625004306.046696000,/media/batool/MULTIMODAL_DATA/Multimodal_Data/Cat3/static_in_front/bag_files/Cat3_15mph_lr_opposite_8/lidar_pcd/ns1/velodyne_points/1625004306.046696000.pcd,/media/batool/MULTIMODAL_DATA/Multimodal_Data/Cat3/static_in_front/bag_files/Cat3_15mph_lr_opposite_8/camera_images/1625004306.050418.jpg,42.33803733333333,-71.08660799999998,9625,30,8,8,60,"[4764, 6226, 6306, 7836, 4560, 6150, 5188, 4328, 6796, 5985, 6254, 4764, 9181, 5081, 4218, 9532, 5115, 7625, 6689, 5176, 4228, 6627, 5164, 4976, 5876, 9625, 4324, 4682, 5740, 5620]","[1, 2, 3, 4, 6, 7, 8, 9, 10, 11, 12, 15, 16, 17, 18, 19, 20, 22, 23, 24, 25, 26, 27, 28, 29, 30, 30, 60, 61, 63]",36.540067838581656,-10.147596879524675,"[-5, -4, -3, -1, -4, -4, -3, -4, -1, -5, -2, -4, 0, -5, -7, -1, -5, -1, -1, -4, -6, -2, -5, -4, -1, 0, -8, -6, -6, -3]"
Cat3,15mph,lr,opposite,8,1625004306.147555000,/media/batool/MULTIMODAL_DATA/Multimodal_Data/Cat3/static_in_front/bag_files/Cat3_15mph_lr_opposite_8/lidar_pcd/ns1/velodyne_points/1625004306.147555000.pcd,/media/batool/MULTIMODAL_DATA/Multimodal_Data/Cat3/static_in_front/bag_files/Cat3_15mph_lr_opposite_8/camera_images/1625004306.1504178.jpg,42.33803733333333,-71.086608,9625,30,8,8,60,"[4764, 6226, 6306, 7836, 4560, 6150, 5188, 4328, 6796, 5985, 6254, 4764, 9181, 5081, 4218, 9532, 5115, 7625, 6689, 5176, 4228, 6627, 5164, 4976, 5876, 9625, 4324, 4682, 5740, 5620]","[1, 2, 3, 4, 6, 7, 8, 9, 10, 11, 12, 15, 16, 17, 18, 19, 20, 22, 23, 24, 25, 26, 27, 28, 29, 30, 30, 60, 61, 63]",36.540067837414504,-10.147596879524675,"[-5, -4, -3, -1, -4, -4, -3, -4, -1, -5, -2, -4, 0, -5, -7, -1, -5, -1, -1, -4, -6, -2, -5, -4, -1, 0, -8, -6, -6, -3]"
Cat3,15mph,lr,opposite,8,1625004306.248409000,/media/batool/MULTIMODAL_DATA/Multimodal_Data/Cat3/static_in_front/bag_files/Cat3_15mph_lr_opposite_8/lidar_pcd/ns1/velodyne_points/1625004306.248409000.pcd,/media/batool/MULTIMODAL_DATA/Multimodal_Data/Cat3/static_in_front/bag_files/Cat3_15mph_lr_opposite_8/camera_images/1625004306.2504177.jpg,42.33803733333333,-71.086608,9625,30,8,8,70,"[4764, 6226, 6306, 7836, 4560, 6150, 5188, 4328, 6796, 5985, 6254, 4764, 9181, 5081, 4218, 9532, 5115, 7625, 6689, 5176, 4228, 6627, 5164, 4976, 5876, 9625, 4324, 4682, 5740, 5620]","[1, 2, 3, 4, 6, 7, 8, 9, 10, 11, 12, 15, 16, 17, 18, 19, 20, 22, 23, 24, 25, 26, 27, 28, 29, 30, 30, 60, 61, 63]",36.540067837414504,-10.147596879524675,"[-5, -4, -3, -1, -4, -4, -3, -4, -1, -5, -2, -4, 0, -5, -7, -1, -5, -1, -1, -4, -6, -2, -5, -4, -1, 0, -8, -6, -6, -3]"
Cat3,15mph,lr,opposite,8,1625004306.349267000,/media/batool/MULTIMODAL_DATA/Multimodal_Data/Cat3/static_in_front/bag_files/Cat3_15mph_lr_opposite_8/lidar_pcd/ns1/velodyne_points/1625004306.349267000.pcd,/media/batool/MULTIMODAL_DATA/Multimodal_Data/Cat3/static_in_front/bag_files/Cat3_15mph_lr_opposite_8/camera_images/1625004306.3504176.jpg,42.338037333333325,-71.086608,9625,30,8,8,70,"[4764, 6226, 6306, 7836, 4560, 6150, 5188, 4328, 6796, 5985, 6254, 4764, 9181, 5081, 4218, 9532, 5115, 7625, 6689, 5176, 4228, 6627, 5164, 4976, 5876, 9625, 4324, 4682, 5740, 5620]","[1, 2, 3, 4, 6, 7, 8, 9, 10, 11, 12, 15, 16, 17, 18, 19, 20, 22, 23, 24, 25, 26, 27, 28, 29, 30, 30, 60, 61, 63]",36.540067837414504,-10.147596880314167,"[-5, -4, -3, -1, -4, -4, -3, -4, -1, -5, -2, -4, 0, -5, -7, -1, -5, -1, -1, -4, -6, -2, -5, -4, -1, 0, -8, -6, -6, -3]"
Cat3,15mph,lr,opposite,8,1625004306.450125000,/media/batool/MULTIMODAL_DATA/Multimodal_Data/Cat3/static_in_front/bag_files/Cat3_15mph_lr_opposite_8/lidar_pcd/ns1/velodyne_points/1625004306.450125000.pcd,/media/batool/MULTIMODAL_DATA/Multimodal_Data/Cat3/static_in_front/bag_files/Cat3_15mph_lr_opposite_8/camera_images/1625004306.4504175.jpg,42.338037333333325,-71.086608,9625,30,8,8,70,"[4764, 6226, 6306, 7836, 4560, 6150, 5188, 4328, 6796, 5985, 6254, 4764, 9181, 5081, 4218, 9532, 5115, 7625, 6689, 5176, 4228, 6627, 5164, 4976, 5876, 9625, 4324, 4682, 5740, 5620]","[1, 2, 3, 4, 6, 7, 8, 9, 10, 11, 12, 15, 16, 17, 18, 19, 20, 22, 23, 24, 25, 26, 27, 28, 29, 30, 30, 60, 61, 63]",36.540067837414504,-10.147596880314167,"[-5, -4, -3, -1, -4, -4, -3, -4, -1, -5, -2, -4, 0, -5, -7, -1, -5, -1, -1, -4, -6, -2, -5, -4, -1, 0, -8, -6, -6, -3]"
Cat3,15mph,lr,opposite,8,1625004306.651802000,/media/batool/MULTIMODAL_DATA/Multimodal_Data/Cat3/static_in_front/bag_files/Cat3_15mph_lr_opposite_8/lidar_pcd/ns1/velodyne_points/1625004306.651802000.pcd,/media/batool/MULTIMODAL_DATA/Multimodal_Data/Cat3/static_in_front/bag_files/Cat3_15mph_lr_opposite_8/camera_images/1625004306.6504173.jpg,42.338037333333325,-71.086608,9625,30,8,8,70,"[4764, 6226, 6306, 7836, 4560, 6150, 5188, 4328, 6796, 5985, 6254, 4764, 9181, 5081, 4218, 9532, 5115, 7625, 6689, 5176, 4228, 6627, 5164, 4976, 5876, 9625, 4324, 4682, 5740, 5620]","[1, 2, 3, 4, 6, 7, 8, 9, 10, 11, 12, 15, 16, 17, 18, 19, 20, 22, 23, 24, 25, 26, 27, 28, 29, 30, 30, 60, 61, 63]",36.540067837414504,-10.147596880314167,"[-5, -4, -3, -1, -4, -4, -3, -4, -1, -5, -2, -4, 0, -5, -7, -1, -5, -1, -1, -4, -6, -2, -5, -4, -1, 0, -8, -6, -6, -3]"
Cat3,15mph,lr,opposite,8,1625004306.752686000,/media/batool/MULTIMODAL_DATA/Multimodal_Data/Cat3/static_in_front/bag_files/Cat3_15mph_lr_opposite_8/lidar_pcd/ns1/velodyne_points/1625004306.752686000.pcd,/media/batool/MULTIMODAL_DATA/Multimodal_Data/Cat3/static_in_front/bag_files/Cat3_15mph_lr_opposite_8/camera_images/1625004306.7504172.jpg,42.33803733333333,-71.086608,9625,30,8,8,70,"[4764, 6226, 6306, 7836, 4560, 6150, 5188, 4328, 6796, 5985, 6254, 4764, 9181, 5081, 4218, 9532, 5115, 7625, 6689, 5176, 4228, 6627, 5164, 4976, 5876, 9625, 4324, 4682, 5740, 5620]","[1, 2, 3, 4, 6, 7, 8, 9, 10, 11, 12, 15, 16, 17, 18, 19, 20, 22, 23, 24, 25, 26, 27, 28, 29, 30, 30, 60, 61, 63]",36.540067837414504,-10.147596879524675,"[-5, -4, -3, -1, -4, -4, -3, -4, -1, -5, -2, -4, 0, -5, -7, -1, -5, -1, -1, -4, -6, -2, -5, -4, -1, 0, -8, -6, -6, -3]"
Cat3,15mph,lr,opposite,8,1625004306.853535000,/media/batool/MULTIMODAL_DATA/Multimodal_Data/Cat3/static_in_front/bag_files/Cat3_15mph_lr_opposite_8/lidar_pcd/ns1/velodyne_points/1625004306.853535000.pcd,/media/batool/MULTIMODAL_DATA/Multimodal_Data/Cat3/static_in_front/bag_files/Cat3_15mph_lr_opposite_8/camera_images/1625004306.8504171.jpg,42.338037333333325,-71.086608,9625,30,8,8,70,"[4764, 6226, 6306, 7836, 4560, 6150, 5188, 4328, 6796, 5985, 6254, 4764, 9181, 5081, 4218, 9532, 5115, 7625, 6689, 5176, 4228, 6627, 5164, 4976, 5876, 9625, 4324, 4682, 5740, 5620]","[1, 2, 3, 4, 6, 7, 8, 9, 10, 11, 12, 15, 16, 17, 18, 19, 20, 22, 23, 24, 25, 26, 27, 28, 29, 30, 30, 60, 61, 63]",36.540067837414504,-10.147596880314167,"[-5, -4, -3, -1, -4, -4, -3, -4, -1, -5, -2, -4, 0, -5, -7, -1, -5, -1, -1, -4, -6, -2, -5, -4, -1, 0, -8, -6, -6, -3]"
Cat3,15mph,lr,opposite,8,1625004306.954383000,/media/batool/MULTIMODAL_DATA/Multimodal_Data/Cat3/static_in_front/bag_files/Cat3_15mph_lr_opposite_8/lidar_pcd/ns1/velodyne_points/1625004306.954383000.pcd,/media/batool/MULTIMODAL_DATA/Multimodal_Data/Cat3/static_in_front/bag_files/Cat3_15mph_lr_opposite_8/camera_images/1625004306.950417.jpg,42.33803733333333,-71.086608,9625,30,8,8,70,"[4764, 6226, 6306, 7836, 4560, 6150, 5188, 4328, 6796, 5985, 6254, 4764, 9181, 5081, 4218, 9532, 5115, 7625, 6689, 5176, 4228, 6627, 5164, 4976, 5876, 9625, 4324, 4682, 5740, 5620]","[1, 2, 3, 4, 6, 7, 8, 9, 10, 11, 12, 15, 16, 17, 18, 19, 20, 22, 23, 24, 25, 26, 27, 28, 29, 30, 30, 60, 61, 63]",36.540067837414504,-10.147596879524675,"[-5, -4, -3, -1, -4, -4, -3, -4, -1, -5, -2, -4, 0, -5, -7, -1, -5, -1, -1, -4, -6, -2, -5, -4, -1, 0, -8, -6, -6, -3]"
Cat3,15mph,lr,opposite,8,1625004307.055251000,/media/batool/MULTIMODAL_DATA/Multimodal_Data/Cat3/static_in_front/bag_files/Cat3_15mph_lr_opposite_8/lidar_pcd/ns1/velodyne_points/1625004307.055251000.pcd,/media/batool/MULTIMODAL_DATA/Multimodal_Data/Cat3/static_in_front/bag_files/Cat3_15mph_lr_opposite_8/camera_images/1625004307.050417.jpg,42.33803733333333,-71.086608,9625,30,8,8,70,"[4764, 6226, 6306, 7836, 4560, 6150, 5188, 4328, 6796, 5985, 6254, 4764, 9181, 5081, 4218, 9532, 5115, 7625, 6689, 5176, 4228, 6627, 5164, 4976, 5876, 9625, 4324, 4682, 5740, 5620]","[1, 2, 3, 4, 6, 7, 8, 9, 10, 11, 12, 15, 16, 17, 18, 19, 20, 22, 23, 24, 25, 26, 27, 28, 29, 30, 30, 60, 61, 63]",36.540067837414504,-10.147596879524675,"[-5, -4, -3, -1, -4, -4, -3, -4, -1, -5, -2, -4, 0, -5, -7, -1, -5, -1, -1, -4, -6, -2, -5, -4, -1, 0, -8, -6, -6, -3]"
Cat3,15mph,lr,opposite,8,1625004307.156103000,/media/batool/MULTIMODAL_DATA/Multimodal_Data/Cat3/static_in_front/bag_files/Cat3_15mph_lr_opposite_8/lidar_pcd/ns1/velodyne_points/1625004307.156103000.pcd,/media/batool/MULTIMODAL_DATA/Multimodal_Data/Cat3/static_in_front/bag_files/Cat3_15mph_lr_opposite_8/camera_images/1625004307.1504169.jpg,42.33803733333333,-71.086608,9625,30,8,8,70,"[4764, 6226, 6306, 7836, 4560, 6150, 5188, 4328, 6796, 5985, 6254, 4764, 9181, 5081, 4218, 9532, 5115, 7625, 6689, 5176, 4228, 6627, 5164, 4976, 5876, 9625, 4324, 4682, 5740, 5620]","[1, 2, 3, 4, 6, 7, 8, 9, 10, 11, 12, 15, 16, 17, 18, 19, 20, 22, 23, 24, 25, 26, 27, 28, 29, 30, 30, 60, 61, 63]",36.540067837414504,-10.147596879524675,"[-5, -4, -3, -1, -4, -4, -3, -4, -1, -5, -2, -4, 0, -5, -7, -1, -5, -1, -1, -4, -6, -2, -5, -4, -1, 0, -8, -6, -6, -3]"
Cat3,15mph,lr,opposite,8,1625004307.256962000,/media/batool/MULTIMODAL_DATA/Multimodal_Data/Cat3/static_in_front/bag_files/Cat3_15mph_lr_opposite_8/lidar_pcd/ns1/velodyne_points/1625004307.256962000.pcd,/media/batool/MULTIMODAL_DATA/Multimodal_Data/Cat3/static_in_front/bag_files/Cat3_15mph_lr_opposite_8/camera_images/1625004307.2504168.jpg,42.33803733333333,-71.086608,9625,30,8,8,70,"[4764, 6226, 6306, 7836, 4560, 6150, 5188, 4328, 6796, 5985, 6254, 4764, 9181, 5081, 4218, 9532, 5115, 7625, 6689, 5176, 4228, 6627, 5164, 4976, 5876, 9625, 4324, 4682, 5740, 5620]","[1, 2, 3, 4, 6, 7, 8, 9, 10, 11, 12, 15, 16, 17, 18, 19, 20, 22, 23, 24, 25, 26, 27, 28, 29, 30, 30, 60, 61, 63]",36.540067837414504,-10.147596879524675,"[-5, -4, -3, -1, -4, -4, -3, -4, -1, -5, -2, -4, 0, -5, -7, -1, -5, -1, -1, -4, -6, -2, -5, -4, -1, 0, -8, -6, -6, -3]"
Cat3,15mph,lr,opposite,8,1625004306.550969000,/media/batool/MULTIMODAL_DATA/Multimodal_Data/Cat3/static_in_front/bag_files/Cat3_15mph_lr_opposite_8/lidar_pcd/ns1/velodyne_points/1625004306.550969000.pcd,/media/batool/MULTIMODAL_DATA/Multimodal_Data/Cat3/static_in_front/bag_files/Cat3_15mph_lr_opposite_8/camera_images/1625004306.5504174.jpg,42.338037333333325,-71.086608,9625,30,8,8,70,"[4764, 6226, 6306, 7836, 4560, 6150, 5188, 4328, 6796, 5985, 6254, 4764, 9181, 5081, 4218, 9532, 5115, 7625, 6689, 5176, 4228, 6627, 5164, 4976, 5876, 9625, 4324, 4682, 5740, 5620]","[1, 2, 3, 4, 6, 7, 8, 9, 10, 11, 12, 15, 16, 17, 18, 19, 20, 22, 23, 24, 25, 26, 27, 28, 29, 30, 30, 60, 61, 63]",36.540067837414504,-10.147596880314167,"[-5, -4, -3, -1, -4, -4, -3, -4, -1, -5, -2, -4, 0, -5, -7, -1, -5, -1, -1, -4, -6, -2, -5, -4, -1, 0, -8, -6, -6, -3]"
Cat3,15mph,lr,opposite,8,1625004307.357820000,/media/batool/MULTIMODAL_DATA/Multimodal_Data/Cat3/static_in_front/bag_files/Cat3_15mph_lr_opposite_8/lidar_pcd/ns1/velodyne_points/1625004307.357820000.pcd,/media/batool/MULTIMODAL_DATA/Multimodal_Data/Cat3/static_in_front/bag_files/Cat3_15mph_lr_opposite_8/camera_images/1625004307.3504167.jpg,42.338037428917794,-71.08660809558445,9625,30,8,8,40,"[4764, 6226, 6306, 7836, 4560, 6150, 5188, 4328, 6796, 5985, 6254, 4764, 9181, 5081, 4218, 9532, 5115, 7625, 6689, 5176, 4228, 6627, 5164, 4976, 5876, 9625, 4324, 4682, 5740, 5620]","[1, 2, 3, 4, 6, 7, 8, 9, 10, 11, 12, 15, 16, 17, 18, 19, 20, 22, 23, 24, 25, 26, 27, 28, 29, 30, 30, 60, 61, 63]",36.53221731401519,-10.136976383831906,"[-5, -4, -3, -1, -4, -4, -3, -4, -1, -5, -2, -4, 0, -5, -7, -1, -5, -1, -1, -4, -6, -2, -5, -4, -1, 0, -8, -6, -6, -3]"
Cat3,15mph,lr,opposite,8,1625004307.458699000,/media/batool/MULTIMODAL_DATA/Multimodal_Data/Cat3/static_in_front/bag_files/Cat3_15mph_lr_opposite_8/lidar_pcd/ns1/velodyne_points/1625004307.458699000.pcd,/media/batool/MULTIMODAL_DATA/Multimodal_Data/Cat3/static_in_front/bag_files/Cat3_15mph_lr_opposite_8/camera_images/1625004307.4504166.jpg,42.33803752719088,-71.08660819385754,9625,30,8,8,40,"[4764, 6226, 6306, 7836, 4560, 6150, 5188, 4328, 6796, 5985, 6254, 4764, 9181, 5081, 4218, 9532, 5115, 7625, 6689, 5176, 4228, 6627, 5164, 4976, 5876, 9625, 4324, 4682, 5740, 5620]","[1, 2, 3, 4, 6, 7, 8, 9, 10, 11, 12, 15, 16, 17, 18, 19, 20, 22, 23, 24, 25, 26, 27, 28, 29, 30, 30, 60, 61, 63]",36.52414596803912,-10.126057152288265,"[-5, -4, -3, -1, -4, -4, -3, -4, -1, -5, -2, -4, 0, -5, -7, -1, -5, -1, -1, -4, -6, -2, -5, -4, -1, 0, -8, -6, -6, -3]"
Cat3,15mph,lr,opposite,8,1625004307.559535000,/media/batool/MULTIMODAL_DATA/Multimodal_Data/Cat3/static_in_front/bag_files/Cat3_15mph_lr_opposite_8/lidar_pcd/ns1/velodyne_points/1625004307.559535000.pcd,/media/batool/MULTIMODAL_DATA/Multimodal_Data/Cat3/static_in_front/bag_files/Cat3_15mph_lr_opposite_8/camera_images/1625004307.5504165.jpg,42.33803762542217,-71.08660829208885,9625,30,8,8,40,"[4764, 6226, 6306, 7836, 4560, 6150, 5188, 4328, 6796, 5985, 6254, 4764, 9181, 5081, 4218, 9532, 5115, 7625, 6689, 5176, 4228, 6627, 5164, 4976, 5876, 9625, 4324, 4682, 5740, 5620]","[1, 2, 3, 4, 6, 7, 8, 9, 10, 11, 12, 15, 16, 17, 18, 19, 20, 22, 23, 24, 25, 26, 27, 28, 29, 30, 30, 60, 61, 63]",36.51607805353515,-10.11514256453615,"[-5, -4, -3, -1, -4, -4, -3, -4, -1, -5, -2, -4, 0, -5, -7, -1, -5, -1, -1, -4, -6, -2, -5, -4, -1, 0, -8, -6, -6, -3]"
Cat3,15mph,lr,opposite,8,1625004307.660394000,/media/batool/MULTIMODAL_DATA/Multimodal_Data/Cat3/static_in_front/bag_files/Cat3_15mph_lr_opposite_8/lidar_pcd/ns1/velodyne_points/1625004307.660394000.pcd,/media/batool/MULTIMODAL_DATA/Multimodal_Data/Cat3/static_in_front/bag_files/Cat3_15mph_lr_opposite_8/camera_images/1625004307.6504164.jpg,42.33803772367576,-71.08660839034243,9625,30,8,8,40,"[4764, 6226, 6306, 7836, 4560, 6150, 5188, 4328, 6796, 5985, 6254, 4764, 9181, 5081, 4218, 9532, 5115, 7625, 6689, 5176, 4228, 6627, 5164, 4976, 5876, 9625, 4324, 4682, 5740, 5620]","[1, 2, 3, 4, 6, 7, 8, 9, 10, 11, 12, 15, 16, 17, 18, 19, 20, 22, 23, 24, 25, 26, 27, 28, 29, 30, 30, 60, 61, 63]",36.50800831009921,-10.10422549856887,"[-5, -4, -3, -1, -4, -4, -3, -4, -1, -5, -2, -4, 0, -5, -7, -1, -5, -1, -1, -4, -6, -2, -5, -4, -1, 0, -8, -6, -6, -3]"
Cat3,15mph,lr,opposite,8,1625004307.761245000,/media/batool/MULTIMODAL_DATA/Multimodal_Data/Cat3/static_in_front/bag_files/Cat3_15mph_lr_opposite_8/lidar_pcd/ns1/velodyne_points/1625004307.761245000.pcd,/media/batool/MULTIMODAL_DATA/Multimodal_Data/Cat3/static_in_front/bag_files/Cat3_15mph_lr_opposite_8/camera_images/1625004307.7504163.jpg,42.33803782192169,-71.08660848858835,9625,30,8,8,40,"[4764, 6226, 6306, 7836, 4560, 6150, 5188, 4328, 6796, 5985, 6254, 4764, 9181, 5081, 4218, 9532, 5115, 7625, 6689, 5176, 4228, 6627, 5164, 4976, 5876, 9625, 4324, 4682, 5740, 5620]","[1, 2, 3, 4, 6, 7, 8, 9, 10, 11, 12, 15, 16, 17, 18, 19, 20, 22, 23, 24, 25, 26, 27, 28, 29, 30, 30, 60, 61, 63]",36.4999391957768,-10.09330928446338,"[-5, -4, -3, -1, -4, -4, -3, -4, -1, -5, -2, -4, 0, -5, -7, -1, -5, -1, -1, -4, -6, -2, -5, -4, -1, 0, -8, -6, -6, -3]"
Cat3,15mph,lr,opposite,8,1625004307.862106000,/media/batool/MULTIMODAL_DATA/Multimodal_Data/Cat3/static_in_front/bag_files/Cat3_15mph_lr_opposite_8/lidar_pcd/ns1/velodyne_points/1625004307.862106000.pcd,/media/batool/MULTIMODAL_DATA/Multimodal_Data/Cat3/static_in_front/bag_files/Cat3_15mph_lr_opposite_8/camera_images/1625004307.8504162.jpg,42.33803792017736,-71.08660858684404,9625,30,8,8,40,"[4764, 6226, 6306, 7836, 4560, 6150, 5188, 4328, 6796, 5985, 6254, 4764, 9181, 5081, 4218, 9532, 5115, 7625, 6689, 5176, 4228, 6627, 5164, 4976, 5876, 9625, 4324, 4682, 5740, 5620]","[1, 2, 3, 4, 6, 7, 8, 9, 10, 11, 12, 15, 16, 17, 18, 19, 20, 22, 23, 24, 25, 26, 27, 28, 29, 30, 30, 60, 61, 63]",36.49186927962593,-10.082391987964456,"[-5, -4, -3, -1, -4, -4, -3, -4, -1, -5, -2, -4, 0, -5, -7, -1, -5, -1, -1, -4, -6, -2, -5, -4, -1, 0, -8, -6, -6, -3]"
Cat3,15mph,lr,opposite,8,1625004307.962975000,/media/batool/MULTIMODAL_DATA/Multimodal_Data/Cat3/static_in_front/bag_files/Cat3_15mph_lr_opposite_8/lidar_pcd/ns1/velodyne_points/1625004307.962975000.pcd,/media/batool/MULTIMODAL_DATA/Multimodal_Data/Cat3/static_in_front/bag_files/Cat3_15mph_lr_opposite_8/camera_images/1625004307.950416.jpg,42.338038018440706,-71.08660868510738,9625,30,8,8,40,"[4764, 6226, 6306, 7836, 4560, 6150, 5188, 4328, 6796, 5985, 6254, 4764, 9181, 5081, 4218, 9532, 5115, 7625, 6689, 5176, 4228, 6627, 5164, 4976, 5876, 9625, 4324, 4682, 5740, 5620]","[1, 2, 3, 4, 6, 7, 8, 9, 10, 11, 12, 15, 16, 17, 18, 19, 20, 22, 23, 24, 25, 26, 27, 28, 29, 30, 30, 60, 61, 63]",36.48379873438678,-10.071473838024758,"[-5, -4, -3, -1, -4, -4, -3, -4, -1, -5, -2, -4, 0, -5, -7, -1, -5, -1, -1, -4, -6, -2, -5, -4, -1, 0, -8, -6, -6, -3]"
Cat3,15mph,lr,opposite,8,1625004308.063830000,/media/batool/MULTIMODAL_DATA/Multimodal_Data/Cat3/static_in_front/bag_files/Cat3_15mph_lr_opposite_8/lidar_pcd/ns1/velodyne_points/1625004308.063830000.pcd,/media/batool/MULTIMODAL_DATA/Multimodal_Data/Cat3/static_in_front/bag_files/Cat3_15mph_lr_opposite_8/camera_images/1625004308.050416.jpg,42.33803811669034,-71.08660878335701,9625,30,8,8,40,"[4764, 6226, 6306, 7836, 4560, 6150, 5188, 4328, 6796, 5985, 6254, 4764, 9181, 5081, 4218, 9532, 5115, 7625, 6689, 5176, 4228, 6627, 5164, 4976, 5876, 9625, 4324, 4682, 5740, 5620]","[1, 2, 3, 4, 6, 7, 8, 9, 10, 11, 12, 15, 16, 17, 18, 19, 20, 22, 23, 24, 25, 26, 27, 28, 29, 30, 30, 60, 61, 63]",36.47572931547261,-10.060557211804483,"[-5, -4, -3, -1, -4, -4, -3, -4, -1, -5, -2, -4, 0, -5, -7, -1, -5, -1, -1, -4, -6, -2, -5, -4, -1, 0, -8, -6, -6, -3]"
Cat3,15mph,lr,opposite,8,1625004308.164662000,/media/batool/MULTIMODAL_DATA/Multimodal_Data/Cat3/static_in_front/bag_files/Cat3_15mph_lr_opposite_8/lidar_pcd/ns1/velodyne_points/1625004308.164662000.pcd,/media/batool/MULTIMODAL_DATA/Multimodal_Data/Cat3/static_in_front/bag_files/Cat3_15mph_lr_opposite_8/camera_images/1625004308.150416.jpg,42.33803821491768,-71.08660888158435,9625,30,8,8,40,"[4764, 6226, 6306, 7836, 4560, 6150, 5188, 4328, 6796, 5985, 6254, 4764, 9181, 5081, 4218, 9532, 5115, 7625, 6689, 5176, 4228, 6627, 5164, 4976, 5876, 9625, 4324, 4682, 5740, 5620]","[1, 2, 3, 4, 6, 7, 8, 9, 10, 11, 12, 15, 16, 17, 18, 19, 20, 22, 23, 24, 25, 26, 27, 28, 29, 30, 30, 60, 61, 63]",36.46766172668277,-10.049643063009878,"[-5, -4, -3, -1, -4, -4, -3, -4, -1, -5, -2, -4, 0, -5, -7, -1, -5, -1, -1, -4, -6, -2, -5, -4, -1, 0, -8, -6, -6, -3]"
Cat3,15mph,lr,opposite,8,1625004308.265536000,/media/batool/MULTIMODAL_DATA/Multimodal_Data/Cat3/static_in_front/bag_files/Cat3_15mph_lr_opposite_8/lidar_pcd/ns1/velodyne_points/1625004308.265536000.pcd,/media/batool/MULTIMODAL_DATA/Multimodal_Data/Cat3/static_in_front/bag_files/Cat3_15mph_lr_opposite_8/camera_images/1625004308.2504158.jpg,42.33803831318613,-71.0866089798528,9625,30,8,8,40,"[4764, 6226, 6306, 7836, 4560, 6150, 5188, 4328, 6796, 5985, 6254, 4764, 9181, 5081, 4218, 9532, 5115, 7625, 6689, 5176, 4228, 6627, 5164, 4976, 5876, 9625, 4324, 4682, 5740, 5620]","[1, 2, 3, 4, 6, 7, 8, 9, 10, 11, 12, 15, 16, 17, 18, 19, 20, 22, 23, 24, 25, 26, 27, 28, 29, 30, 30, 60, 61, 63]",36.459590762469915,-10.038724346214975,"[-5, -4, -3, -1, -4, -4, -3, -4, -1, -5, -2, -4, 0, -5, -7, -1, -5, -1, -1, -4, -6, -2, -5, -4, -1, 0, -8, -6, -6, -3]"
Cat3,15mph,lr,opposite,8,1625004308.366381000,/media/batool/MULTIMODAL_DATA/Multimodal_Data/Cat3/static_in_front/bag_files/Cat3_15mph_lr_opposite_8/lidar_pcd/ns1/velodyne_points/1625004308.366381000.pcd,/media/batool/MULTIMODAL_DATA/Multimodal_Data/Cat3/static_in_front/bag_files/Cat3_15mph_lr_opposite_8/camera_images/1625004308.3504157.jpg,42.338038304305506,-71.0866090318381,8011,30,2,8,35,"[4262, 5204, 6112, 6340, 4037, 5062, 5114, 4963, 7843, 4161, 6004, 4375, 6663, 4173, 0, 7226, 5002, 6278, 5521, 5070, 4095, 6430, 5088, 4174, 6477, 8011, 4127, 4190, 4164, 5478]","[1, 2, 3, 4, 6, 7, 8, 9, 10, 11, 12, 15, 16, 17, 17, 19, 20, 22, 23, 24, 25, 26, 27, 28, 29, 30, 60, 61, 61, 63]",36.455321134167775,-10.039711082438568,"[-6, -4, -2, -2, -5, -4, -3, -5, 0, -5, -2, -5, -1, -5, 0, -1, -5, -1, -1, -4, -6, -2, -5, -5, -1, 0, -6, -9, -9, -3]"
Cat3,15mph,lr,opposite,8,1625004308.467258000,/media/batool/MULTIMODAL_DATA/Multimodal_Data/Cat3/static_in_front/bag_files/Cat3_15mph_lr_opposite_8/lidar_pcd/ns1/velodyne_points/1625004308.467258000.pcd,/media/batool/MULTIMODAL_DATA/Multimodal_Data/Cat3/static_in_front/bag_files/Cat3_15mph_lr_opposite_8/camera_images/1625004308.483749.jpg,42.338038213428696,-71.08660904843526,8011,30,2,8,35,"[4262, 5204, 6112, 6340, 4037, 5062, 5114, 4963, 7843, 4161, 6004, 4375, 6663, 4173, 0, 7226, 5002, 6278, 5521, 5070, 4095, 6430, 5088, 4174, 6477, 8011, 4127, 4190, 4164, 5478]","[1, 2, 3, 4, 6, 7, 8, 9, 10, 11, 12, 15, 16, 17, 17, 19, 20, 22, 23, 24, 25, 26, 27, 28, 29, 30, 60, 61, 61, 63]",36.45395800988236,-10.049808505780472,"[-6, -4, -2, -2, -5, -4, -3, -5, 0, -5, -2, -5, -1, -5, 0, -1, -5, -1, -1, -4, -6, -2, -5, -5, -1, 0, -6, -9, -9, -3]"
Cat3,15mph,lr,opposite,8,1625004308.568116000,/media/batool/MULTIMODAL_DATA/Multimodal_Data/Cat3/static_in_front/bag_files/Cat3_15mph_lr_opposite_8/lidar_pcd/ns1/velodyne_points/1625004308.568116000.pcd,/media/batool/MULTIMODAL_DATA/Multimodal_Data/Cat3/static_in_front/bag_files/Cat3_15mph_lr_opposite_8/camera_images/1625004308.5837488.jpg,42.33803812256909,-71.08660906502932,8011,30,2,8,35,"[4262, 5204, 6112, 6340, 4037, 5062, 5114, 4963, 7843, 4161, 6004, 4375, 6663, 4173, 0, 7226, 5002, 6278, 5521, 5070, 4095, 6430, 5088, 4174, 6477, 8011, 4127, 4190, 4164, 5478]","[1, 2, 3, 4, 6, 7, 8, 9, 10, 11, 12, 15, 16, 17, 17, 19, 20, 22, 23, 24, 25, 26, 27, 28, 29, 30, 60, 61, 61, 63]",36.45259514119781,-10.059904017762417,"[-6, -4, -2, -2, -5, -4, -3, -5, 0, -5, -2, -5, -1, -5, 0, -1, -5, -1, -1, -4, -6, -2, -5, -5, -1, 0, -6, -9, -9, -3]"
Cat3,15mph,lr,opposite,8,1625004308.668961000,/media/batool/MULTIMODAL_DATA/Multimodal_Data/Cat3/static_in_front/bag_files/Cat3_15mph_lr_opposite_8/lidar_pcd/ns1/velodyne_points/1625004308.668961000.pcd,/media/batool/MULTIMODAL_DATA/Multimodal_Data/Cat3/static_in_front/bag_files/Cat3_15mph_lr_opposite_8/camera_images/1625004308.6837487.jpg,42.33803803172106,-71.08660908162123,8011,30,2,8,35,"[4262, 5204, 6112, 6340, 4037, 5062, 5114, 4963, 7843, 4161, 6004, 4375, 6663, 4173, 0, 7226, 5002, 6278, 5521, 5070, 4095, 6430, 5088, 4174, 6477, 8011, 4127, 4190, 4164, 5478]","[1, 2, 3, 4, 6, 7, 8, 9, 10, 11, 12, 15, 16, 17, 17, 19, 20, 22, 23, 24, 25, 26, 27, 28, 29, 30, 60, 61, 61, 63]",36.45123244874893,-10.069998242872519,"[-6, -4, -2, -2, -5, -4, -3, -5, 0, -5, -2, -5, -1, -5, 0, -1, -5, -1, -1, -4, -6, -2, -5, -5, -1, 0, -6, -9, -9, -3]"
Cat3,15mph,lr,opposite,8,1625004308.769812000,/media/batool/MULTIMODAL_DATA/Multimodal_Data/Cat3/static_in_front/bag_files/Cat3_15mph_lr_opposite_8/lidar_pcd/ns1/velodyne_points/1625004308.769812000.pcd,/media/batool/MULTIMODAL_DATA/Multimodal_Data/Cat3/static_in_front/bag_files/Cat3_15mph_lr_opposite_8/camera_images/1625004308.7837486.jpg,42.33803794086768,-71.08660909821414,8011,30,2,8,35,"[4262, 5204, 6112, 6340, 4037, 5062, 5114, 4963, 7843, 4161, 6004, 4375, 6663, 4173, 0, 7226, 5002, 6278, 5521, 5070, 4095, 6430, 5088, 4174, 6477, 8011, 4127, 4190, 4164, 5478]","[1, 2, 3, 4, 6, 7, 8, 9, 10, 11, 12, 15, 16, 17, 17, 19, 20, 22, 23, 24, 25, 26, 27, 28, 29, 30, 60, 61, 61, 63]",36.4498696745985,-10.080093063259532,"[-6, -4, -2, -2, -5, -4, -3, -5, 0, -5, -2, -5, -1, -5, 0, -1, -5, -1, -1, -4, -6, -2, -5, -5, -1, 0, -6, -9, -9, -3]"
Cat3,15mph,lr,opposite,8,1625004308.870686000,/media/batool/MULTIMODAL_DATA/Multimodal_Data/Cat3/static_in_front/bag_files/Cat3_15mph_lr_opposite_8/lidar_pcd/ns1/velodyne_points/1625004308.870686000.pcd,/media/batool/MULTIMODAL_DATA/Multimodal_Data/Cat3/static_in_front/bag_files/Cat3_15mph_lr_opposite_8/camera_images/1625004308.8837485.jpg,42.338037849993675,-71.08660911481081,8011,30,2,8,35,"[4262, 5204, 6112, 6340, 4037, 5062, 5114, 4963, 7843, 4161, 6004, 4375, 6663, 4173, 0, 7226, 5002, 6278, 5521, 5070, 4095, 6430, 5088, 4174, 6477, 8011, 4127, 4190, 4164, 5478]","[1, 2, 3, 4, 6, 7, 8, 9, 10, 11, 12, 15, 16, 17, 17, 19, 20, 22, 23, 24, 25, 26, 27, 28, 29, 30, 60, 61, 61, 63]",36.44850659115496,-10.090190174752125,"[-6, -4, -2, -2, -5, -4, -3, -5, 0, -5, -2, -5, -1, -5, 0, -1, -5, -1, -1, -4, -6, -2, -5, -5, -1, 0, -6, -9, -9, -3]"
Cat3,15mph,lr,opposite,8,1625004308.971511000,/media/batool/MULTIMODAL_DATA/Multimodal_Data/Cat3/static_in_front/bag_files/Cat3_15mph_lr_opposite_8/lidar_pcd/ns1/velodyne_points/1625004308.971511000.pcd,/media/batool/MULTIMODAL_DATA/Multimodal_Data/Cat3/static_in_front/bag_files/Cat3_15mph_lr_opposite_8/camera_images/1625004308.9837484.jpg,42.3380377591639,-71.08660913139941,8011,30,2,8,35,"[4262, 5204, 6112, 6340, 4037, 5062, 5114, 4963, 7843, 4161, 6004, 4375, 6663, 4173, 0, 7226, 5002, 6278, 5521, 5070, 4095, 6430, 5088, 4174, 6477, 8011, 4127, 4190, 4164, 5478]","[1, 2, 3, 4, 6, 7, 8, 9, 10, 11, 12, 15, 16, 17, 17, 19, 20, 22, 23, 24, 25, 26, 27, 28, 29, 30, 60, 61, 61, 63]",36.44714417064292,-10.100282371657462,"[-6, -4, -2, -2, -5, -4, -3, -5, 0, -5, -2, -5, -1, -5, 0, -1, -5, -1, -1, -4, -6, -2, -5, -5, -1, 0, -6, -9, -9, -3]"
Cat3,15mph,lr,opposite,8,1625004309.072376000,/media/batool/MULTIMODAL_DATA/Multimodal_Data/Cat3/static_in_front/bag_files/Cat3_15mph_lr_opposite_8/lidar_pcd/ns1/velodyne_points/1625004309.072376000.pcd,/media/batool/MULTIMODAL_DATA/Multimodal_Data/Cat3/static_in_front/bag_files/Cat3_15mph_lr_opposite_8/camera_images/1625004309.0837483.jpg,42.338037668297844,-71.08660914799462,8011,30,2,8,35,"[4262, 5204, 6112, 6340, 4037, 5062, 5114, 4963, 7843, 4161, 6004, 4375, 6663, 4173, 0, 7226, 5002, 6278, 5521, 5070, 4095, 6430, 5088, 4174, 6477, 8011, 4127, 4190, 4164, 5478]","[1, 2, 3, 4, 6, 7, 8, 9, 10, 11, 12, 15, 16, 17, 17, 19, 20, 22, 23, 24, 25, 26, 27, 28, 29, 30, 60, 61, 61, 63]",36.445781207410505,-10.110378600498077,"[-6, -4, -2, -2, -5, -4, -3, -5, 0, -5, -2, -5, -1, -5, 0, -1, -5, -1, -1, -4, -6, -2, -5, -5, -1, 0, -6, -9, -9, -3]"
Cat3,15mph,lr,opposite,8,1625004309.173227000,/media/batool/MULTIMODAL_DATA/Multimodal_Data/Cat3/static_in_front/bag_files/Cat3_15mph_lr_opposite_8/lidar_pcd/ns1/velodyne_points/1625004309.173227000.pcd,/media/batool/MULTIMODAL_DATA/Multimodal_Data/Cat3/static_in_front/bag_files/Cat3_15mph_lr_opposite_8/camera_images/1625004309.1837482.jpg,42.33803757744445,-71.08660916458753,8011,30,2,8,35,"[4262, 5204, 6112, 6340, 4037, 5062, 5114, 4963, 7843, 4161, 6004, 4375, 6663, 4173, 0, 7226, 5002, 6278, 5521, 5070, 4095, 6430, 5088, 4174, 6477, 8011, 4127, 4190, 4164, 5478]","[1, 2, 3, 4, 6, 7, 8, 9, 10, 11, 12, 15, 16, 17, 17, 19, 20, 22, 23, 24, 25, 26, 27, 28, 29, 30, 60, 61, 61, 63]",36.444418433252224,-10.120473421674584,"[-6, -4, -2, -2, -5, -4, -3, -5, 0, -5, -2, -5, -1, -5, 0, -1, -5, -1, -1, -4, -6, -2, -5, -5, -1, 0, -6, -9, -9, -3]"
Cat3,15mph,lr,opposite,8,1625004309.274110000,/media/batool/MULTIMODAL_DATA/Multimodal_Data/Cat3/static_in_front/bag_files/Cat3_15mph_lr_opposite_8/lidar_pcd/ns1/velodyne_points/1625004309.274110000.pcd,/media/batool/MULTIMODAL_DATA/Multimodal_Data/Cat3/static_in_front/bag_files/Cat3_15mph_lr_opposite_8/camera_images/1625004309.2837481.jpg,42.33803748656229,-71.0866091811857,8011,30,2,8,35,"[4262, 5204, 6112, 6340, 4037, 5062, 5114, 4963, 7843, 4161, 6004, 4375, 6663, 4173, 0, 7226, 5002, 6278, 5521, 5070, 4095, 6430, 5088, 4174, 6477, 8011, 4127, 4190, 4164, 5478]","[1, 2, 3, 4, 6, 7, 8, 9, 10, 11, 12, 15, 16, 17, 17, 19, 20, 22, 23, 24, 25, 26, 27, 28, 29, 30, 60, 61, 61, 63]",36.44305522725147,-10.13057143950391,"[-6, -4, -2, -2, -5, -4, -3, -5, 0, -5, -2, -5, -1, -5, 0, -1, -5, -1, -1, -4, -6, -2, -5, -5, -1, 0, -6, -9, -9, -3]"
Cat3,15mph,lr,opposite,8,1625004309.576646000,/media/batool/MULTIMODAL_DATA/Multimodal_Data/Cat3/static_in_front/bag_files/Cat3_15mph_lr_opposite_8/lidar_pcd/ns1/velodyne_points/1625004309.576646000.pcd,/media/batool/MULTIMODAL_DATA/Multimodal_Data/Cat3/static_in_front/bag_files/Cat3_15mph_lr_opposite_8/camera_images/1625004309.5837479.jpg,42.338028953751525,-71.08659897324797,7823,30,2,8,30,"[4148, 5904, 5124, 6360, 4183, 4193, 5037, 4124, 6458, 4134, 4410, 3991, 5743, 4122, 4038, 6779, 4937, 6043, 6385, 4948, 3924, 5799, 4228, 4128, 5512, 7823, 3680, 4071, 3830, 5179]","[1, 2, 3, 4, 6, 7, 8, 9, 10, 11, 12, 15, 16, 17, 18, 19, 20, 22, 23, 24, 24, 26, 27, 28, 29, 30, 60, 61, 61, 63]",37.281451103552435,-11.078661524758596,"[-6, -4, -4, -1, -4, -4, -4, -5, -1, -5, -2, -4, -1, -4, -6, -1, -5, 0, -1, -4, -9, -2, -4, -6, -2, 0, -7, -7, -11, -3]"
Cat3,15mph,lr,opposite,8,1625004309.374957000,/media/batool/MULTIMODAL_DATA/Multimodal_Data/Cat3/static_in_front/bag_files/Cat3_15mph_lr_opposite_8/lidar_pcd/ns1/velodyne_points/1625004309.374957000.pcd,/media/batool/MULTIMODAL_DATA/Multimodal_Data/Cat3/static_in_front/bag_files/Cat3_15mph_lr_opposite_8/camera_images/1625004309.383748.jpg,42.33803588439279,-71.08660732099997,7823,30,2,8,30,"[4148, 5904, 5124, 6360, 4183, 4193, 5037, 4124, 6458, 4134, 4410, 3991, 5743, 4122, 4038, 6779, 4937, 6043, 6385, 4948, 3924, 5799, 4228, 4128, 5512, 7823, 3680, 4071, 3830, 5179]","[1, 2, 3, 4, 6, 7, 8, 9, 10, 11, 12, 15, 16, 17, 18, 19, 20, 22, 23, 24, 24, 26, 27, 28, 29, 30, 60, 61, 61, 63]",36.595835556906145,-10.308590273350799,"[-6, -4, -4, -1, -4, -4, -4, -5, -1, -5, -2, -4, -1, -4, -6, -1, -5, 0, -1, -4, -9, -2, -4, -6, -2, 0, -7, -7, -11, -3]"
Cat3,15mph,lr,opposite,8,1625004309.475813000,/media/batool/MULTIMODAL_DATA/Multimodal_Data/Cat3/static_in_front/bag_files/Cat3_15mph_lr_opposite_8/lidar_pcd/ns1/velodyne_points/1625004309.475813000.pcd,/media/batool/MULTIMODAL_DATA/Multimodal_Data/Cat3/static_in_front/bag_files/Cat3_15mph_lr_opposite_8/camera_images/1625004309.483748.jpg,42.33803241868301,-71.08660314665525,7823,30,2,8,30,"[4148, 5904, 5124, 6360, 4183, 4193, 5037, 4124, 6458, 4134, 4410, 3991, 5743, 4122, 4038, 6779, 4937, 6043, 6385, 4948, 3924, 5799, 4228, 4128, 5512, 7823, 3680, 4071, 3830, 5179]","[1, 2, 3, 4, 6, 7, 8, 9, 10, 11, 12, 15, 16, 17, 18, 19, 20, 22, 23, 24, 24, 26, 27, 28, 29, 30, 60, 61, 61, 63]",36.93868181788738,-10.693669137948644,"[-6, -4, -4, -1, -4, -4, -4, -5, -1, -5, -2, -4, -1, -4, -6, -1, -5, 0, -1, -4, -9, -2, -4, -6, -2, 0, -7, -7, -11, -3]"
Cat3,15mph,lr,opposite,8,1625004309.677505000,/media/batool/MULTIMODAL_DATA/Multimodal_Data/Cat3/static_in_front/bag_files/Cat3_15mph_lr_opposite_8/lidar_pcd/ns1/velodyne_points/1625004309.677505000.pcd,/media/batool/MULTIMODAL_DATA/Multimodal_Data/Cat3/static_in_front/bag_files/Cat3_15mph_lr_opposite_8/camera_images/1625004309.6837478.jpg,42.338025487935234,-71.08659479877495,7823,30,2,8,30,"[4148, 5904, 5124, 6360, 4183, 4193, 5037, 4124, 6458, 4134, 4410, 3991, 5743, 4122, 4038, 6779, 4937, 6043, 6385, 4948, 3924, 5799, 4228, 4128, 5512, 7823, 3680, 4071, 3830, 5179]","[1, 2, 3, 4, 6, 7, 8, 9, 10, 11, 12, 15, 16, 17, 18, 19, 20, 22, 23, 24, 24, 26, 27, 28, 29, 30, 60, 61, 61, 63]",37.62430793946414,-11.463752223840451,"[-6, -4, -4, -1, -4, -4, -4, -5, -1, -5, -2, -4, -1, -4, -6, -1, -5, 0, -1, -4, -9, -2, -4, -6, -2, 0, -7, -7, -11, -3]"
Cat3,15mph,lr,opposite,8,1625004309.778357000,/media/batool/MULTIMODAL_DATA/Multimodal_Data/Cat3/static_in_front/bag_files/Cat3_15mph_lr_opposite_8/lidar_pcd/ns1/velodyne_points/1625004309.778357000.pcd,/media/batool/MULTIMODAL_DATA/Multimodal_Data/Cat3/static_in_front/bag_files/Cat3_15mph_lr_opposite_8/camera_images/1625004309.7837477.jpg,42.338022022356526,-71.08659062458811,7823,30,2,8,30,"[4148, 5904, 5124, 6360, 4183, 4193, 5037, 4124, 6458, 4134, 4410, 3991, 5743, 4122, 4038, 6779, 4937, 6043, 6385, 4948, 3924, 5799, 4228, 4128, 5512, 7823, 3680, 4071, 3830, 5179]","[1, 2, 3, 4, 6, 7, 8, 9, 10, 11, 12, 15, 16, 17, 18, 19, 20, 22, 23, 24, 24, 26, 27, 28, 29, 30, 60, 61, 61, 63]",37.96714128995043,-11.848816524680691,"[-6, -4, -4, -1, -4, -4, -4, -5, -1, -5, -2, -4, -1, -4, -6, -1, -5, 0, -1, -4, -9, -2, -4, -6, -2, 0, -7, -7, -11, -3]"
Cat3,15mph,lr,opposite,8,1625004309.879213000,/media/batool/MULTIMODAL_DATA/Multimodal_Data/Cat3/static_in_front/bag_files/Cat3_15mph_lr_opposite_8/lidar_pcd/ns1/velodyne_points/1625004309.879213000.pcd,/media/batool/MULTIMODAL_DATA/Multimodal_Data/Cat3/static_in_front/bag_files/Cat3_15mph_lr_opposite_8/camera_images/1625004309.8837476.jpg,42.338018556638545,-71.08658645023351,7823,30,2,8,30,"[4148, 5904, 5124, 6360, 4183, 4193, 5037, 4124, 6458, 4134, 4410, 3991, 5743, 4122, 4038, 6779, 4937, 6043, 6385, 4948, 3924, 5799, 4228, 4128, 5512, 7823, 3680, 4071, 3830, 5179]","[1, 2, 3, 4, 6, 7, 8, 9, 10, 11, 12, 15, 16, 17, 18, 19, 20, 22, 23, 24, 24, 26, 27, 28, 29, 30, 60, 61, 61, 63]",38.30998843768676,-12.233896300352221,"[-6, -4, -4, -1, -4, -4, -4, -5, -1, -5, -2, -4, -1, -4, -6, -1, -5, 0, -1, -4, -9, -2, -4, -6, -2, 0, -7, -7, -11, -3]"
Cat3,15mph,lr,opposite,8,1625004309.980107000,/media/batool/MULTIMODAL_DATA/Multimodal_Data/Cat3/static_in_front/bag_files/Cat3_15mph_lr_opposite_8/lidar_pcd/ns1/velodyne_points/1625004309.980107000.pcd,/media/batool/MULTIMODAL_DATA/Multimodal_Data/Cat3/static_in_front/bag_files/Cat3_15mph_lr_opposite_8/camera_images/1625004309.9837475.jpg,42.33801508961791,-71.0865822743099,7823,30,2,8,30,"[4148, 5904, 5124, 6360, 4183, 4193, 5037, 4124, 6458, 4134, 4410, 3991, 5743, 4122, 4038, 6779, 4937, 6043, 6385, 4948, 3924, 5799, 4228, 4128, 5512, 7823, 3680, 4071, 3830, 5179]","[1, 2, 3, 4, 6, 7, 8, 9, 10, 11, 12, 15, 16, 17, 18, 19, 20, 22, 23, 24, 24, 26, 27, 28, 29, 30, 60, 61, 61, 63]",38.65296446959623,-12.619120815158011,"[-6, -4, -4, -1, -4, -4, -4, -5, -1, -5, -2, -4, -1, -4, -6, -1, -5, 0, -1, -4, -9, -2, -4, -6, -2, 0, -7, -7, -11, -3]"
Cat3,15mph,lr,opposite,8,1625004310.080964000,/media/batool/MULTIMODAL_DATA/Multimodal_Data/Cat3/static_in_front/bag_files/Cat3_15mph_lr_opposite_8/lidar_pcd/ns1/velodyne_points/1625004310.080964000.pcd,/media/batool/MULTIMODAL_DATA/Multimodal_Data/Cat3/static_in_front/bag_files/Cat3_15mph_lr_opposite_8/camera_images/1625004310.0837474.jpg,42.33801162386715,-71.08657809991584,7823,30,2,8,30,"[4148, 5904, 5124, 6360, 4183, 4193, 5037, 4124, 6458, 4134, 4410, 3991, 5743, 4122, 4038, 6779, 4937, 6043, 6385, 4948, 3924, 5799, 4228, 4128, 5512, 7823, 3680, 4071, 3830, 5179]","[1, 2, 3, 4, 6, 7, 8, 9, 10, 11, 12, 15, 16, 17, 18, 19, 20, 22, 23, 24, 24, 26, 27, 28, 29, 30, 60, 61, 61, 63]",38.995814896341784,-13.004204232755809,"[-6, -4, -4, -1, -4, -4, -4, -5, -1, -5, -2, -4, -1, -4, -6, -1, -5, 0, -1, -4, -9, -2, -4, -6, -2, 0, -7, -7, -11, -3]"
Cat3,15mph,lr,opposite,8,1625004310.181813000,/media/batool/MULTIMODAL_DATA/Multimodal_Data/Cat3/static_in_front/bag_files/Cat3_15mph_lr_opposite_8/lidar_pcd/ns1/velodyne_points/1625004310.181813000.pcd,/media/batool/MULTIMODAL_DATA/Multimodal_Data/Cat3/static_in_front/bag_files/Cat3_15mph_lr_opposite_8/camera_images/1625004310.1837473.jpg,42.338008158394956,-71.08657392585728,7823,30,2,8,30,"[4148, 5904, 5124, 6360, 4183, 4193, 5037, 4124, 6458, 4134, 4410, 3991, 5743, 4122, 4038, 6779, 4937, 6043, 6385, 4948, 3924, 5799, 4228, 4128, 5512, 7823, 3680, 4071, 3830, 5179]","[1, 2, 3, 4, 6, 7, 8, 9, 10, 11, 12, 15, 16, 17, 18, 19, 20, 22, 23, 24, 24, 26, 27, 28, 29, 30, 60, 61, 61, 63]",39.33863778643351,-13.389256699112037,"[-6, -4, -4, -1, -4, -4, -4, -5, -1, -5, -2, -4, -1, -4, -6, -1, -5, 0, -1, -4, -9, -2, -4, -6, -2, 0, -7, -7, -11, -3]"
Cat3,15mph,lr,opposite,8,1625004311.089512000,/media/batool/MULTIMODAL_DATA/Multimodal_Data/Cat3/static_in_front/bag_files/Cat3_15mph_lr_opposite_8/lidar_pcd/ns1/velodyne_points/1625004311.089512000.pcd,/media/batool/MULTIMODAL_DATA/Multimodal_Data/Cat3/static_in_front/bag_files/Cat3_15mph_lr_opposite_8/camera_images/1625004311.0837464.jpg,42.3379616111593,-71.0865220864733,9410,19,4,8,35,"[5543, 5972, 6406, 4916, 4384, 5188, 4208, 7755, 5152, 3680, 4801, 6437, 5001, 4836, 9410, 4185, 4040, 6484, 6415, 5212, 3992, 6025, 4884, 5024, 6157, 8011, 3880, 3926, 4373, 5679, 3952, 5528]","[2, 3, 4, 6, 7, 8, 9, 10, 12, 12, 15, 16, 17, 18, 19, 20, 21, 22, 23, 24, 24, 26, 27, 28, 29, 30, 30, 30, 60, 61, 61, 63]",43.59630183924489,-18.561171771914864,"[-2, -4, -2, -5, -4, -2, -4, -1, -2, -7, -5, -2, -5, -5, 0, -4, -7, -1, -1, -3, -8, -2, -5, -4, -1, 0, -9, -9, -7, -5, -9, -4]"
Cat3,15mph,lr,opposite,8,1625004310.282676000,/media/batool/MULTIMODAL_DATA/Multimodal_Data/Cat3/static_in_front/bag_files/Cat3_15mph_lr_opposite_8/lidar_pcd/ns1/velodyne_points/1625004310.282676000.pcd,/media/batool/MULTIMODAL_DATA/Multimodal_Data/Cat3/static_in_front/bag_files/Cat3_15mph_lr_opposite_8/camera_images/1625004310.2837472.jpg,42.33800357394458,-71.08656871179028,9410,19,4,8,35,"[5543, 5972, 6406, 4916, 4384, 5188, 4208, 7755, 5152, 3680, 4801, 6437, 5001, 4836, 9410, 4185, 4040, 6484, 6415, 5212, 3992, 6025, 4884, 5024, 6157, 8011, 3880, 3926, 4373, 5679, 3952, 5528]","[2, 3, 4, 6, 7, 8, 9, 10, 12, 12, 15, 16, 17, 18, 19, 20, 21, 22, 23, 24, 24, 26, 27, 28, 29, 30, 30, 30, 60, 61, 61, 63]",39.76687853607463,-13.89864007390113,"[-2, -4, -2, -5, -4, -2, -4, -1, -2, -7, -5, -2, -5, -5, 0, -4, -7, -1, -1, -3, -8, -2, -5, -4, -1, 0, -9, -9, -7, -5, -9, -4]"
Cat3,15mph,lr,opposite,8,1625004310.383510000,/media/batool/MULTIMODAL_DATA/Multimodal_Data/Cat3/static_in_front/bag_files/Cat3_15mph_lr_opposite_8/lidar_pcd/ns1/velodyne_points/1625004310.383510000.pcd,/media/batool/MULTIMODAL_DATA/Multimodal_Data/Cat3/static_in_front/bag_files/Cat3_15mph_lr_opposite_8/camera_images/1625004310.383747.jpg,42.337998329656614,-71.08656288480364,9410,19,4,8,35,"[5543, 5972, 6406, 4916, 4384, 5188, 4208, 7755, 5152, 3680, 4801, 6437, 5001, 4836, 9410, 4185, 4040, 6484, 6415, 5212, 3992, 6025, 4884, 5024, 6157, 8011, 3880, 3926, 4373, 5679, 3952, 5528]","[2, 3, 4, 6, 7, 8, 9, 10, 12, 12, 15, 16, 17, 18, 19, 20, 21, 22, 23, 24, 24, 26, 27, 28, 29, 30, 30, 30, 60, 61, 61, 63]",40.24545955910678,-14.48133873714773,"[-2, -4, -2, -5, -4, -2, -4, -1, -2, -7, -5, -2, -5, -5, 0, -4, -7, -1, -1, -3, -8, -2, -5, -4, -1, 0, -9, -9, -7, -5, -9, -4]"
Cat3,15mph,lr,opposite,8,1625004310.484355000,/media/batool/MULTIMODAL_DATA/Multimodal_Data/Cat3/static_in_front/bag_files/Cat3_15mph_lr_opposite_8/lidar_pcd/ns1/velodyne_points/1625004310.484355000.pcd,/media/batool/MULTIMODAL_DATA/Multimodal_Data/Cat3/static_in_front/bag_files/Cat3_15mph_lr_opposite_8/camera_images/1625004310.483747.jpg,42.33799308481065,-71.08655705719703,9410,19,4,8,35,"[5543, 5972, 6406, 4916, 4384, 5188, 4208, 7755, 5152, 3680, 4801, 6437, 5001, 4836, 9410, 4185, 4040, 6484, 6415, 5212, 3992, 6025, 4884, 5024, 6157, 8011, 3880, 3926, 4373, 5679, 3952, 5528]","[2, 3, 4, 6, 7, 8, 9, 10, 12, 12, 15, 16, 17, 18, 19, 20, 21, 22, 23, 24, 24, 26, 27, 28, 29, 30, 30, 30, 60, 61, 61, 63]",40.72409154189395,-15.064099399984975,"[-2, -4, -2, -5, -4, -2, -4, -1, -2, -7, -5, -2, -5, -5, 0, -4, -7, -1, -1, -3, -8, -2, -5, -4, -1, 0, -9, -9, -7, -5, -9, -4]"
Cat3,15mph,lr,opposite,8,1625004310.585208000,/media/batool/MULTIMODAL_DATA/Multimodal_Data/Cat3/static_in_front/bag_files/Cat3_15mph_lr_opposite_8/lidar_pcd/ns1/velodyne_points/1625004310.585208000.pcd,/media/batool/MULTIMODAL_DATA/Multimodal_Data/Cat3/static_in_front/bag_files/Cat3_15mph_lr_opposite_8/camera_images/1625004310.583747.jpg,42.33798783954309,-71.08655122912195,9410,19,4,8,35,"[5543, 5972, 6406, 4916, 4384, 5188, 4208, 7755, 5152, 3680, 4801, 6437, 5001, 4836, 9410, 4185, 4040, 6484, 6415, 5212, 3992, 6025, 4884, 5024, 6157, 8011, 3880, 3926, 4373, 5679, 3952, 5528]","[2, 3, 4, 6, 7, 8, 9, 10, 12, 12, 15, 16, 17, 18, 19, 20, 21, 22, 23, 24, 24, 26, 27, 28, 29, 30, 30, 30, 60, 61, 61, 63]",41.20276204015036,-15.646906906536312,"[-2, -4, -2, -5, -4, -2, -4, -1, -2, -7, -5, -2, -5, -5, 0, -4, -7, -1, -1, -3, -8, -2, -5, -4, -1, 0, -9, -9, -7, -5, -9, -4]"
Cat3,15mph,lr,opposite,8,1625004310.686068000,/media/batool/MULTIMODAL_DATA/Multimodal_Data/Cat3/static_in_front/bag_files/Cat3_15mph_lr_opposite_8/lidar_pcd/ns1/velodyne_points/1625004310.686068000.pcd,/media/batool/MULTIMODAL_DATA/Multimodal_Data/Cat3/static_in_front/bag_files/Cat3_15mph_lr_opposite_8/camera_images/1625004310.6837468.jpg,42.33798259390353,-71.08654540063357,9410,19,4,8,35,"[5543, 5972, 6406, 4916, 4384, 5188, 4208, 7755, 5152, 3680, 4801, 6437, 5001, 4836, 9410, 4185, 4040, 6484, 6415, 5212, 3992, 6025, 4884, 5024, 6157, 8011, 3880, 3926, 4373, 5679, 3952, 5528]","[2, 3, 4, 6, 7, 8, 9, 10, 12, 12, 15, 16, 17, 18, 19, 20, 21, 22, 23, 24, 24, 26, 27, 28, 29, 30, 30, 30, 60, 61, 61, 63]",41.68146652412328,-16.229755746148083,"[-2, -4, -2, -5, -4, -2, -4, -1, -2, -7, -5, -2, -5, -5, 0, -4, -7, -1, -1, -3, -8, -2, -5, -4, -1, 0, -9, -9, -7, -5, -9, -4]"
Cat3,15mph,lr,opposite,8,1625004310.786964000,/media/batool/MULTIMODAL_DATA/Multimodal_Data/Cat3/static_in_front/bag_files/Cat3_15mph_lr_opposite_8/lidar_pcd/ns1/velodyne_points/1625004310.786964000.pcd,/media/batool/MULTIMODAL_DATA/Multimodal_Data/Cat3/static_in_front/bag_files/Cat3_15mph_lr_opposite_8/camera_images/1625004310.7837467.jpg,42.33797734640398,-71.0865395700785,9410,19,4,8,35,"[5543, 5972, 6406, 4916, 4384, 5188, 4208, 7755, 5152, 3680, 4801, 6437, 5001, 4836, 9410, 4185, 4040, 6484, 6415, 5212, 3992, 6025, 4884, 5024, 6157, 8011, 3880, 3926, 4373, 5679, 3952, 5528]","[2, 3, 4, 6, 7, 8, 9, 10, 12, 12, 15, 16, 17, 18, 19, 20, 21, 22, 23, 24, 24, 26, 27, 28, 29, 30, 30, 30, 60, 61, 61, 63]",42.160340788662154,-16.8128112518515,"[-2, -4, -2, -5, -4, -2, -4, -1, -2, -7, -5, -2, -5, -5, 0, -4, -7, -1, -1, -3, -8, -2, -5, -4, -1, 0, -9, -9, -7, -5, -9, -4]"
Cat3,15mph,lr,opposite,8,1625004310.887784000,/media/batool/MULTIMODAL_DATA/Multimodal_Data/Cat3/static_in_front/bag_files/Cat3_15mph_lr_opposite_8/lidar_pcd/ns1/velodyne_points/1625004310.887784000.pcd,/media/batool/MULTIMODAL_DATA/Multimodal_Data/Cat3/static_in_front/bag_files/Cat3_15mph_lr_opposite_8/camera_images/1625004310.8837466.jpg,42.33797210284761,-71.08653374390475,9410,19,4,8,35,"[5543, 5972, 6406, 4916, 4384, 5188, 4208, 7755, 5152, 3680, 4801, 6437, 5001, 4836, 9410, 4185, 4040, 6484, 6415, 5212, 3992, 6025, 4884, 5024, 6157, 8011, 3880, 3926, 4373, 5679, 3952, 5528]","[2, 3, 4, 6, 7, 8, 9, 10, 12, 12, 15, 16, 17, 18, 19, 20, 21, 22, 23, 24, 24, 26, 27, 28, 29, 30, 30, 30, 60, 61, 61, 63]",42.63885524719118,-17.39542862664065,"[-2, -4, -2, -5, -4, -2, -4, -1, -2, -7, -5, -2, -5, -5, 0, -4, -7, -1, -1, -3, -8, -2, -5, -4, -1, 0, -9, -9, -7, -5, -9, -4]"
Cat3,15mph,lr,opposite,8,1625004310.988678000,/media/batool/MULTIMODAL_DATA/Multimodal_Data/Cat3/static_in_front/bag_files/Cat3_15mph_lr_opposite_8/lidar_pcd/ns1/velodyne_points/1625004310.988678000.pcd,/media/batool/MULTIMODAL_DATA/Multimodal_Data/Cat3/static_in_front/bag_files/Cat3_15mph_lr_opposite_8/camera_images/1625004310.9837465.jpg,42.33796685544726,-71.08652791345993,9410,19,4,8,35,"[5543, 5972, 6406, 4916, 4384, 5188, 4208, 7755, 5152, 3680, 4801, 6437, 5001, 4836, 9410, 4185, 4040, 6484, 6415, 5212, 3992, 6025, 4884, 5024, 6157, 8011, 3880, 3926, 4373, 5679, 3952, 5528]","[2, 3, 4, 6, 7, 8, 9, 10, 12, 12, 15, 16, 17, 18, 19, 20, 21, 22, 23, 24, 24, 26, 27, 28, 29, 30, 30, 30, 60, 61, 61, 63]",43.11772053676361,-17.97847310945776,"[-2, -4, -2, -5, -4, -2, -4, -1, -2, -7, -5, -2, -5, -5, 0, -4, -7, -1, -1, -3, -8, -2, -5, -4, -1, 0, -9, -9, -7, -5, -9, -4]"
Cat3,15mph,lr,opposite,8,1625004311.190349000,/media/batool/MULTIMODAL_DATA/Multimodal_Data/Cat3/static_in_front/bag_files/Cat3_15mph_lr_opposite_8/lidar_pcd/ns1/velodyne_points/1625004311.190349000.pcd,/media/batool/MULTIMODAL_DATA/Multimodal_Data/Cat3/static_in_front/bag_files/Cat3_15mph_lr_opposite_8/camera_images/1625004311.2170796.jpg,42.33795637303866,-71.08651626633926,8492,10,6,1,25,"[5051, 5018, 4114, 3514, 4726, 5144, 8492, 5872, 4071, 4399, 5170, 4924, 4409, 5946, 4041, 3836, 4687, 5426, 4191, 4079, 3794, 4428, 4015, 0, 6867, 3982]","[1, 2, 3, 4, 7, 8, 10, 13, 15, 16, 17, 18, 19, 20, 22, 22, 24, 26, 27, 28, 28, 30, 31, 31, 61, 61]",44.074320364555504,-19.14318517669421,"[-3, -3, -4, -7, -5, -2, 0, -2, -7, -3, -4, -6, -4, -2, -6, -9, -5, -5, -4, -6, -8, -5, -7, 0, -1, -9]"
Cat3,15mph,lr,opposite,8,1625004311.291209000,/media/batool/MULTIMODAL_DATA/Multimodal_Data/Cat3/static_in_front/bag_files/Cat3_15mph_lr_opposite_8/lidar_pcd/ns1/velodyne_points/1625004311.291209000.pcd,/media/batool/MULTIMODAL_DATA/Multimodal_Data/Cat3/static_in_front/bag_files/Cat3_15mph_lr_opposite_8/camera_images/1625004311.2837462.jpg,42.337951812352955,-71.08651119891069,8492,10,6,1,25,"[5051, 5018, 4114, 3514, 4726, 5144, 8492, 5872, 4071, 4399, 5170, 4924, 4409, 5946, 4041, 3836, 4687, 5426, 4191, 4079, 3794, 4428, 4015, 0, 6867, 3982]","[1, 2, 3, 4, 7, 8, 10, 13, 15, 16, 17, 18, 19, 20, 22, 22, 24, 26, 27, 28, 28, 30, 31, 31, 61, 61]",44.490517810939046,-19.64992803256867,"[-3, -3, -4, -7, -5, -2, 0, -2, -7, -3, -4, -6, -4, -2, -6, -9, -5, -5, -4, -6, -8, -5, -7, 0, -1, -9]"
Cat3,15mph,lr,opposite,8,1625004311.392090000,/media/batool/MULTIMODAL_DATA/Multimodal_Data/Cat3/static_in_front/bag_files/Cat3_15mph_lr_opposite_8/lidar_pcd/ns1/velodyne_points/1625004311.392090000.pcd,/media/batool/MULTIMODAL_DATA/Multimodal_Data/Cat3/static_in_front/bag_files/Cat3_15mph_lr_opposite_8/camera_images/1625004311.3837461.jpg,42.337947250707764,-71.08650613041603,8492,10,6,1,25,"[5051, 5018, 4114, 3514, 4726, 5144, 8492, 5872, 4071, 4399, 5170, 4924, 4409, 5946, 4041, 3836, 4687, 5426, 4191, 4079, 3794, 4428, 4015, 0, 6867, 3982]","[1, 2, 3, 4, 7, 8, 10, 13, 15, 16, 17, 18, 19, 20, 22, 22, 24, 26, 27, 28, 28, 30, 31, 31, 61, 61]",44.90680284701159,-20.156777498275208,"[-3, -3, -4, -7, -5, -2, 0, -2, -7, -3, -4, -6, -4, -2, -6, -9, -5, -5, -4, -6, -8, -5, -7, 0, -1, -9]"
Cat3,15mph,lr,opposite,8,1625004311.492968000,/media/batool/MULTIMODAL_DATA/Multimodal_Data/Cat3/static_in_front/bag_files/Cat3_15mph_lr_opposite_8/lidar_pcd/ns1/velodyne_points/1625004311.492968000.pcd,/media/batool/MULTIMODAL_DATA/Multimodal_Data/Cat3/static_in_front/bag_files/Cat3_15mph_lr_opposite_8/camera_images/1625004311.483746.jpg,42.33794268920271,-71.08650106207709,8492,10,6,1,25,"[5051, 5018, 4114, 3514, 4726, 5144, 8492, 5872, 4071, 4399, 5170, 4924, 4409, 5946, 4041, 3836, 4687, 5426, 4191, 4079, 3794, 4428, 4015, 0, 6867, 3982]","[1, 2, 3, 4, 7, 8, 10, 13, 15, 16, 17, 18, 19, 20, 22, 22, 24, 26, 27, 28, 28, 30, 31, 31, 61, 61]",45.32307512349376,-20.663611392832436,"[-3, -3, -4, -7, -5, -2, 0, -2, -7, -3, -4, -6, -4, -2, -6, -9, -5, -5, -4, -6, -8, -5, -7, 0, -1, -9]"
Cat3,15mph,lr,opposite,8,1625004311.593779000,/media/batool/MULTIMODAL_DATA/Multimodal_Data/Cat3/static_in_front/bag_files/Cat3_15mph_lr_opposite_8/lidar_pcd/ns1/velodyne_points/1625004311.593779000.pcd,/media/batool/MULTIMODAL_DATA/Multimodal_Data/Cat3/static_in_front/bag_files/Cat3_15mph_lr_opposite_8/camera_images/1625004311.583746.jpg,42.33793813072708,-71.08649599710417,8492,10,6,1,25,"[5051, 5018, 4114, 3514, 4726, 5144, 8492, 5872, 4071, 4399, 5170, 4924, 4409, 5946, 4041, 3836, 4687, 5426, 4191, 4079, 3794, 4428, 4015, 0, 6867, 3982]","[1, 2, 3, 4, 7, 8, 10, 13, 15, 16, 17, 18, 19, 20, 22, 22, 24, 26, 27, 28, 28, 30, 31, 31, 61, 61]",45.73907097324434,-21.170108685137418,"[-3, -3, -4, -7, -5, -2, 0, -2, -7, -3, -4, -6, -4, -2, -6, -9, -5, -5, -4, -6, -8, -5, -7, 0, -1, -9]"
Cat3,15mph,lr,opposite,8,1625004311.694663000,/media/batool/MULTIMODAL_DATA/Multimodal_Data/Cat3/static_in_front/bag_files/Cat3_15mph_lr_opposite_8/lidar_pcd/ns1/velodyne_points/1625004311.694663000.pcd,/media/batool/MULTIMODAL_DATA/Multimodal_Data/Cat3/static_in_front/bag_files/Cat3_15mph_lr_opposite_8/camera_images/1625004311.6837459.jpg,42.337933568952515,-71.08649092846576,8492,10,6,1,25,"[5051, 5018, 4114, 3514, 4726, 5144, 8492, 5872, 4071, 4399, 5170, 4924, 4409, 5946, 4041, 3836, 4687, 5426, 4191, 4079, 3794, 4428, 4015, 0, 6867, 3982]","[1, 2, 3, 4, 7, 8, 10, 13, 15, 16, 17, 18, 19, 20, 22, 22, 24, 26, 27, 28, 28, 30, 31, 31, 61, 61]",46.15536790575832,-21.67697252591299,"[-3, -3, -4, -7, -5, -2, 0, -2, -7, -3, -4, -6, -4, -2, -6, -9, -5, -5, -4, -6, -8, -5, -7, 0, -1, -9]"
Cat3,15mph,lr,opposite,8,1625004311.795505000,/media/batool/MULTIMODAL_DATA/Multimodal_Data/Cat3/static_in_front/bag_files/Cat3_15mph_lr_opposite_8/lidar_pcd/ns1/velodyne_points/1625004311.795505000.pcd,/media/batool/MULTIMODAL_DATA/Multimodal_Data/Cat3/static_in_front/bag_files/Cat3_15mph_lr_opposite_8/camera_images/1625004311.7837458.jpg,42.33792900907537,-71.0864858619356,8492,10,6,1,25,"[5051, 5018, 4114, 3514, 4726, 5144, 8492, 5872, 4071, 4399, 5170, 4924, 4409, 5946, 4041, 3836, 4687, 5426, 4191, 4079, 3794, 4428, 4015, 0, 6867, 3982]","[1, 2, 3, 4, 7, 8, 10, 13, 15, 16, 17, 18, 19, 20, 22, 22, 24, 26, 27, 28, 28, 30, 31, 31, 61, 61]",46.571491714918324,-22.183625542342927,"[-3, -3, -4, -7, -5, -2, 0, -2, -7, -3, -4, -6, -4, -2, -6, -9, -5, -5, -4, -6, -8, -5, -7, 0, -1, -9]"
Cat3,15mph,lr,opposite,8,1625004311.896375000,/media/batool/MULTIMODAL_DATA/Multimodal_Data/Cat3/static_in_front/bag_files/Cat3_15mph_lr_opposite_8/lidar_pcd/ns1/velodyne_points/1625004311.896375000.pcd,/media/batool/MULTIMODAL_DATA/Multimodal_Data/Cat3/static_in_front/bag_files/Cat3_15mph_lr_opposite_8/camera_images/1625004311.8837457.jpg,42.33792444793687,-71.08648079400393,8492,10,6,1,25,"[5051, 5018, 4114, 3514, 4726, 5144, 8492, 5872, 4071, 4399, 5170, 4924, 4409, 5946, 4041, 3836, 4687, 5426, 4191, 4079, 3794, 4428, 4015, 0, 6867, 3982]","[1, 2, 3, 4, 7, 8, 10, 13, 15, 16, 17, 18, 19, 20, 22, 22, 24, 26, 27, 28, 28, 30, 31, 31, 61, 61]",46.98773066237901,-22.690418708590542,"[-3, -3, -4, -7, -5, -2, 0, -2, -7, -3, -4, -6, -4, -2, -6, -9, -5, -5, -4, -6, -8, -5, -7, 0, -1, -9]"
Cat3,15mph,lr,opposite,8,1625004311.997229000,/media/batool/MULTIMODAL_DATA/Multimodal_Data/Cat3/static_in_front/bag_files/Cat3_15mph_lr_opposite_8/lidar_pcd/ns1/velodyne_points/1625004311.997229000.pcd,/media/batool/MULTIMODAL_DATA/Multimodal_Data/Cat3/static_in_front/bag_files/Cat3_15mph_lr_opposite_8/camera_images/1625004311.9837456.jpg,42.33791988750991,-71.08647572686286,8492,10,6,1,25,"[5051, 5018, 4114, 3514, 4726, 5144, 8492, 5872, 4071, 4399, 5170, 4924, 4409, 5946, 4041, 3836, 4687, 5426, 4191, 4079, 3794, 4428, 4015, 0, 6867, 3982]","[1, 2, 3, 4, 7, 8, 10, 13, 15, 16, 17, 18, 19, 20, 22, 22, 24, 26, 27, 28, 28, 30, 31, 31, 61, 61]",47.403904707146964,-23.197132815116422,"[-3, -3, -4, -7, -5, -2, 0, -2, -7, -3, -4, -6, -4, -2, -6, -9, -5, -5, -4, -6, -8, -5, -7, 0, -1, -9]"
Cat3,15mph,lr,opposite,8,1625004312.098101000,/media/batool/MULTIMODAL_DATA/Multimodal_Data/Cat3/static_in_front/bag_files/Cat3_15mph_lr_opposite_8/lidar_pcd/ns1/velodyne_points/1625004312.098101000.pcd,/media/batool/MULTIMODAL_DATA/Multimodal_Data/Cat3/static_in_front/bag_files/Cat3_15mph_lr_opposite_8/camera_images/1625004312.0837455.jpg,42.33791532628516,-71.08647065883538,8492,10,6,1,25,"[5051, 5018, 4114, 3514, 4726, 5144, 8492, 5872, 4071, 4399, 5170, 4924, 4409, 5946, 4041, 3836, 4687, 5426, 4191, 4079, 3794, 4428, 4015, 0, 6867, 3982]","[1, 2, 3, 4, 7, 8, 10, 13, 15, 16, 17, 18, 19, 20, 22, 22, 24, 26, 27, 28, 28, 30, 31, 31, 61, 61]",47.82015158401114,-23.703935565006557,"[-3, -3, -4, -7, -5, -2, 0, -2, -7, -3, -4, -6, -4, -2, -6, -9, -5, -5, -4, -6, -8, -5, -7, 0, -1, -9]"
Cat3,15mph,lr,opposite,8,1625004312.198938000,/media/batool/MULTIMODAL_DATA/Multimodal_Data/Cat3/static_in_front/bag_files/Cat3_15mph_lr_opposite_8/lidar_pcd/ns1/velodyne_points/1625004312.198938000.pcd,/media/batool/MULTIMODAL_DATA/Multimodal_Data/Cat3/static_in_front/bag_files/Cat3_15mph_lr_opposite_8/camera_images/1625004312.1837454.jpg,42.33791069240131,-71.08646551007554,4992,16,0,6,40,"[4992, 4418, 4909, 4504, 4346, 4754, 4879]","[16, 16, 23, 23, 23, 23, 30]",48.24302919656326,-24.218811548829915,"[-6, -9, -7, -8, -8, -9, -6]"
Cat3,15mph,lr,opposite,8,1625004312.501477000,/media/batool/MULTIMODAL_DATA/Multimodal_Data/Cat3/static_in_front/bag_files/Cat3_15mph_lr_opposite_8/lidar_pcd/ns1/velodyne_points/1625004312.501477000.pcd,/media/batool/MULTIMODAL_DATA/Multimodal_Data/Cat3/static_in_front/bag_files/Cat3_15mph_lr_opposite_8/camera_images/1625004312.5170784.jpg,42.33789644970345,-71.0864496848557,4992,16,0,6,40,"[4992, 4418, 4909, 4504, 4346, 4754, 4879]","[16, 16, 23, 23, 23, 23, 30]",49.54278533198854,-25.801333533100507,"[-6, -9, -7, -8, -8, -9, -6]"
Cat3,15mph,lr,opposite,8,1625004314.014360000,/media/batool/MULTIMODAL_DATA/Multimodal_Data/Cat3/static_in_front/bag_files/Cat3_15mph_lr_opposite_8/lidar_pcd/ns1/velodyne_points/1625004314.014360000.pcd,/media/batool/MULTIMODAL_DATA/Multimodal_Data/Cat3/static_in_front/bag_files/Cat3_15mph_lr_opposite_8/camera_images/1625004314.017077.jpg,42.33782522739203,-71.08637054895412,5852,1,0,6,40,"[5852, 5080, 4900, 4944, 4880, 4488, 4944, 5256, 5843, 4520, 4872, 4816]","[1, 1, 1, 1, 1, 1, 1, 1, 1, 1, 1, 1]",56.04237551075318,-33.71492369079002,"[-7, -9, -9, -10, -12, -10, -9, -9, -7, -10, -8, -9]"
Cat3,15mph,lr,opposite,8,1625004314.619483000,/media/batool/MULTIMODAL_DATA/Multimodal_Data/Cat3/static_in_front/bag_files/Cat3_15mph_lr_opposite_8/lidar_pcd/ns1/velodyne_points/1625004314.619483000.pcd,/media/batool/MULTIMODAL_DATA/Multimodal_Data/Cat3/static_in_front/bag_files/Cat3_15mph_lr_opposite_8/camera_images/1625004314.6170764.jpg,42.33779673988619,-71.08633889616986,5852,1,0,6,40,"[5852, 5080, 4900, 4944, 4880, 4488, 4944, 5256, 5843, 4520, 4872, 4816, 4752, 4816, 4784]","[1, 1, 1, 1, 1, 1, 1, 1, 1, 1, 1, 1, 1, 1, 1]",58.64208417287573,-36.880202117907224,"[-7, -9, -9, -10, -12, -10, -9, -9, -7, -10, -8, -9, -9, -11, -9]"
Cat3,15mph,lr,opposite,8,1625004315.325499000,/media/batool/MULTIMODAL_DATA/Multimodal_Data/Cat3/static_in_front/bag_files/Cat3_15mph_lr_opposite_8/lidar_pcd/ns1/velodyne_points/1625004315.325499000.pcd,/media/batool/MULTIMODAL_DATA/Multimodal_Data/Cat3/static_in_front/bag_files/Cat3_15mph_lr_opposite_8/camera_images/1625004315.3170757.jpg,42.33882504349324,-71.08751406396394,5852,1,0,6,40,"[5852, 5080, 4900, 4944, 4880, 4488, 4944, 5256, 5843, 4520, 4872, 4816, 4752, 4816, 4784, 1388, 0, 1376, 1522]","[1, 1, 1, 1, 1, 1, 1, 1, 1, 1, 1, 1, 1, 1, 1, 1, 1, 1, 1]",-37.87609724346311,77.37575422102812,"[-7, -9, -9, -10, -12, -10, -9, -9, -7, -10, -8, -9, -9, -11, -9, -9, 0, -9, -8]"
Cat3,15mph,lr,opposite,8,1625004316.838341000,/media/batool/MULTIMODAL_DATA/Multimodal_Data/Cat3/static_in_front/bag_files/Cat3_15mph_lr_opposite_8/lidar_pcd/ns1/velodyne_points/1625004316.838341000.pcd,/media/batool/MULTIMODAL_DATA/Multimodal_Data/Cat3/static_in_front/bag_files/Cat3_15mph_lr_opposite_8/camera_images/1625004316.8504076.jpg,42.34004165933993,-71.08889942019786,5852,1,0,6,40,"[5852, 5080, 4900, 4944, 4880, 4488, 4944, 5256, 5843, 4520, 4872, 4816, 4752, 4816, 4784, 1388, 0, 1376, 1522, 1568]","[1, 1, 1, 1, 1, 1, 1, 1, 1, 1, 1, 1, 1, 1, 1, 1, 1, 1, 1, 1]",-151.65531809712763,212.55529274258026,"[-7, -9, -9, -10, -12, -10, -9, -9, -7, -10, -8, -9, -9, -11, -9, -9, 0, -9, -8, -9]"
