Category,speed,direction,lane,episode,time_stamp,lida_file,image_file,lat,long,max_rssi,selected_sector,tx_mcs,rx_mcs,sqi,all_rssi,all_sector,x,y
Cat3,15mph,lr,opposite,5,1625004021.025220000,/media/batool/MULTIMODAL_DATA/Multimodal_Data/Cat3/static_in_front/bag_files/Cat3_15mph_lr_opposite_5/lidar_pcd/ns1/velodyne_points/1625004021.025220000.pcd,/media/batool/MULTIMODAL_DATA/Multimodal_Data/Cat3/static_in_front/bag_files/Cat3_15mph_lr_opposite_5/camera_images/1625004021.2394626.jpg,42.338029333333324,-71.086608,8114,19,8,8,70,"[4028, 5324, 5112, 7568, 4877, 4396, 6205, 4856, 7833, 3458, 4973, 5472, 6293, 4224, 4013, 8114, 4057, 6673, 7555, 6126, 4842, 6500, 5048, 4962, 5310, 8043, 4158, 4240, 4742]","[1, 2, 3, 4, 6, 7, 8, 9, 10, 11, 12, 15, 16, 17, 18, 19, 20, 22, 23, 24, 25, 26, 27, 28, 29, 30, 60, 61, 63]",36.540070161727094,-11.036485769327303
Cat3,15mph,lr,opposite,5,1625004021.126106000,/media/batool/MULTIMODAL_DATA/Multimodal_Data/Cat3/static_in_front/bag_files/Cat3_15mph_lr_opposite_5/lidar_pcd/ns1/velodyne_points/1625004021.126106000.pcd,/media/batool/MULTIMODAL_DATA/Multimodal_Data/Cat3/static_in_front/bag_files/Cat3_15mph_lr_opposite_5/camera_images/1625004021.2394626.jpg,42.33802933333333,-71.086608,8114,19,8,8,70,"[4028, 5324, 5112, 7568, 4877, 4396, 6205, 4856, 7833, 3458, 4973, 5472, 6293, 4224, 4013, 8114, 4057, 6673, 7555, 6126, 4842, 6500, 5048, 4962, 5310, 8043, 4158, 4240, 4742]","[1, 2, 3, 4, 6, 7, 8, 9, 10, 11, 12, 15, 16, 17, 18, 19, 20, 22, 23, 24, 25, 26, 27, 28, 29, 30, 60, 61, 63]",36.540070161727094,-11.03648576853781
Cat3,15mph,lr,opposite,5,1625004021.226952000,/media/batool/MULTIMODAL_DATA/Multimodal_Data/Cat3/static_in_front/bag_files/Cat3_15mph_lr_opposite_5/lidar_pcd/ns1/velodyne_points/1625004021.226952000.pcd,/media/batool/MULTIMODAL_DATA/Multimodal_Data/Cat3/static_in_front/bag_files/Cat3_15mph_lr_opposite_5/camera_images/1625004021.2394626.jpg,42.338029333333324,-71.086608,8114,19,8,8,70,"[4028, 5324, 5112, 7568, 4877, 4396, 6205, 4856, 7833, 3458, 4973, 5472, 6293, 4224, 4013, 8114, 4057, 6673, 7555, 6126, 4842, 6500, 5048, 4962, 5310, 8043, 4158, 4240, 4742]","[1, 2, 3, 4, 6, 7, 8, 9, 10, 11, 12, 15, 16, 17, 18, 19, 20, 22, 23, 24, 25, 26, 27, 28, 29, 30, 60, 61, 63]",36.540070161727094,-11.036485769327303
Cat3,15mph,lr,opposite,5,1625004021.327801000,/media/batool/MULTIMODAL_DATA/Multimodal_Data/Cat3/static_in_front/bag_files/Cat3_15mph_lr_opposite_5/lidar_pcd/ns1/velodyne_points/1625004021.327801000.pcd,/media/batool/MULTIMODAL_DATA/Multimodal_Data/Cat3/static_in_front/bag_files/Cat3_15mph_lr_opposite_5/camera_images/1625004021.3394625.jpg,42.33802933333333,-71.086608,8114,19,8,8,70,"[4028, 5324, 5112, 7568, 4877, 4396, 6205, 4856, 7833, 3458, 4973, 5472, 6293, 4224, 4013, 8114, 4057, 6673, 7555, 6126, 4842, 6500, 5048, 4962, 5310, 8043, 4158, 4240, 4742]","[1, 2, 3, 4, 6, 7, 8, 9, 10, 11, 12, 15, 16, 17, 18, 19, 20, 22, 23, 24, 25, 26, 27, 28, 29, 30, 60, 61, 63]",36.540070161727094,-11.03648576853781
Cat3,15mph,lr,opposite,5,1625004021.428695000,/media/batool/MULTIMODAL_DATA/Multimodal_Data/Cat3/static_in_front/bag_files/Cat3_15mph_lr_opposite_5/lidar_pcd/ns1/velodyne_points/1625004021.428695000.pcd,/media/batool/MULTIMODAL_DATA/Multimodal_Data/Cat3/static_in_front/bag_files/Cat3_15mph_lr_opposite_5/camera_images/1625004021.4394624.jpg,42.33802933333333,-71.08660800000001,8114,19,8,8,70,"[4028, 5324, 5112, 7568, 4877, 4396, 6205, 4856, 7833, 3458, 4973, 5472, 6293, 4224, 4013, 8114, 4057, 6673, 7555, 6126, 4842, 6500, 5048, 4962, 5310, 8043, 4158, 4240, 4742]","[1, 2, 3, 4, 6, 7, 8, 9, 10, 11, 12, 15, 16, 17, 18, 19, 20, 22, 23, 24, 25, 26, 27, 28, 29, 30, 60, 61, 63]",36.540070160559935,-11.03648576853781
Cat3,15mph,lr,opposite,5,1625004021.529546000,/media/batool/MULTIMODAL_DATA/Multimodal_Data/Cat3/static_in_front/bag_files/Cat3_15mph_lr_opposite_5/lidar_pcd/ns1/velodyne_points/1625004021.529546000.pcd,/media/batool/MULTIMODAL_DATA/Multimodal_Data/Cat3/static_in_front/bag_files/Cat3_15mph_lr_opposite_5/camera_images/1625004021.5394623.jpg,42.338029333333324,-71.086608,8114,19,8,8,70,"[4028, 5324, 5112, 7568, 4877, 4396, 6205, 4856, 7833, 3458, 4973, 5472, 6293, 4224, 4013, 8114, 4057, 6673, 7555, 6126, 4842, 6500, 5048, 4962, 5310, 8043, 4158, 4240, 4742]","[1, 2, 3, 4, 6, 7, 8, 9, 10, 11, 12, 15, 16, 17, 18, 19, 20, 22, 23, 24, 25, 26, 27, 28, 29, 30, 60, 61, 63]",36.540070161727094,-11.036485769327303
Cat3,15mph,lr,opposite,5,1625004021.630374000,/media/batool/MULTIMODAL_DATA/Multimodal_Data/Cat3/static_in_front/bag_files/Cat3_15mph_lr_opposite_5/lidar_pcd/ns1/velodyne_points/1625004021.630374000.pcd,/media/batool/MULTIMODAL_DATA/Multimodal_Data/Cat3/static_in_front/bag_files/Cat3_15mph_lr_opposite_5/camera_images/1625004021.6394622.jpg,42.338029333333324,-71.08660800000001,8114,19,8,8,70,"[4028, 5324, 5112, 7568, 4877, 4396, 6205, 4856, 7833, 3458, 4973, 5472, 6293, 4224, 4013, 8114, 4057, 6673, 7555, 6126, 4842, 6500, 5048, 4962, 5310, 8043, 4158, 4240, 4742]","[1, 2, 3, 4, 6, 7, 8, 9, 10, 11, 12, 15, 16, 17, 18, 19, 20, 22, 23, 24, 25, 26, 27, 28, 29, 30, 60, 61, 63]",36.540070160559935,-11.036485769327303
Cat3,15mph,lr,opposite,5,1625004021.731235000,/media/batool/MULTIMODAL_DATA/Multimodal_Data/Cat3/static_in_front/bag_files/Cat3_15mph_lr_opposite_5/lidar_pcd/ns1/velodyne_points/1625004021.731235000.pcd,/media/batool/MULTIMODAL_DATA/Multimodal_Data/Cat3/static_in_front/bag_files/Cat3_15mph_lr_opposite_5/camera_images/1625004021.7394621.jpg,42.338029333333324,-71.08660800000001,8114,19,8,8,70,"[4028, 5324, 5112, 7568, 4877, 4396, 6205, 4856, 7833, 3458, 4973, 5472, 6293, 4224, 4013, 8114, 4057, 6673, 7555, 6126, 4842, 6500, 5048, 4962, 5310, 8043, 4158, 4240, 4742]","[1, 2, 3, 4, 6, 7, 8, 9, 10, 11, 12, 15, 16, 17, 18, 19, 20, 22, 23, 24, 25, 26, 27, 28, 29, 30, 60, 61, 63]",36.540070160559935,-11.036485769327303
Cat3,15mph,lr,opposite,5,1625004021.832064000,/media/batool/MULTIMODAL_DATA/Multimodal_Data/Cat3/static_in_front/bag_files/Cat3_15mph_lr_opposite_5/lidar_pcd/ns1/velodyne_points/1625004021.832064000.pcd,/media/batool/MULTIMODAL_DATA/Multimodal_Data/Cat3/static_in_front/bag_files/Cat3_15mph_lr_opposite_5/camera_images/1625004021.839462.jpg,42.33802933333333,-71.08660800000001,8114,19,8,8,70,"[4028, 5324, 5112, 7568, 4877, 4396, 6205, 4856, 7833, 3458, 4973, 5472, 6293, 4224, 4013, 8114, 4057, 6673, 7555, 6126, 4842, 6500, 5048, 4962, 5310, 8043, 4158, 4240, 4742]","[1, 2, 3, 4, 6, 7, 8, 9, 10, 11, 12, 15, 16, 17, 18, 19, 20, 22, 23, 24, 25, 26, 27, 28, 29, 30, 60, 61, 63]",36.540070160559935,-11.03648576853781
Cat3,15mph,lr,opposite,5,1625004021.932956000,/media/batool/MULTIMODAL_DATA/Multimodal_Data/Cat3/static_in_front/bag_files/Cat3_15mph_lr_opposite_5/lidar_pcd/ns1/velodyne_points/1625004021.932956000.pcd,/media/batool/MULTIMODAL_DATA/Multimodal_Data/Cat3/static_in_front/bag_files/Cat3_15mph_lr_opposite_5/camera_images/1625004021.939462.jpg,42.338029333333324,-71.08660800000001,8114,19,8,8,70,"[4028, 5324, 5112, 7568, 4877, 4396, 6205, 4856, 7833, 3458, 4973, 5472, 6293, 4224, 4013, 8114, 4057, 6673, 7555, 6126, 4842, 6500, 5048, 4962, 5310, 8043, 4158, 4240, 4742]","[1, 2, 3, 4, 6, 7, 8, 9, 10, 11, 12, 15, 16, 17, 18, 19, 20, 22, 23, 24, 25, 26, 27, 28, 29, 30, 60, 61, 63]",36.540070160559935,-11.036485769327303
Cat3,15mph,lr,opposite,5,1625004022.033793000,/media/batool/MULTIMODAL_DATA/Multimodal_Data/Cat3/static_in_front/bag_files/Cat3_15mph_lr_opposite_5/lidar_pcd/ns1/velodyne_points/1625004022.033793000.pcd,/media/batool/MULTIMODAL_DATA/Multimodal_Data/Cat3/static_in_front/bag_files/Cat3_15mph_lr_opposite_5/camera_images/1625004022.0394619.jpg,42.338029333333324,-71.08660800000003,8114,19,8,8,70,"[4028, 5324, 5112, 7568, 4877, 4396, 6205, 4856, 7833, 3458, 4973, 5472, 6293, 4224, 4013, 8114, 4057, 6673, 7555, 6126, 4842, 6500, 5048, 4962, 5310, 8043, 4158, 4240, 4742]","[1, 2, 3, 4, 6, 7, 8, 9, 10, 11, 12, 15, 16, 17, 18, 19, 20, 22, 23, 24, 25, 26, 27, 28, 29, 30, 60, 61, 63]",36.540070159392776,-11.036485769327303
Cat3,15mph,lr,opposite,5,1625004022.134659000,/media/batool/MULTIMODAL_DATA/Multimodal_Data/Cat3/static_in_front/bag_files/Cat3_15mph_lr_opposite_5/lidar_pcd/ns1/velodyne_points/1625004022.134659000.pcd,/media/batool/MULTIMODAL_DATA/Multimodal_Data/Cat3/static_in_front/bag_files/Cat3_15mph_lr_opposite_5/camera_images/1625004022.1394618.jpg,42.338029333333324,-71.08660800000003,8114,19,8,8,70,"[4028, 5324, 5112, 7568, 4877, 4396, 6205, 4856, 7833, 3458, 4973, 5472, 6293, 4224, 4013, 8114, 4057, 6673, 7555, 6126, 4842, 6500, 5048, 4962, 5310, 8043, 4158, 4240, 4742]","[1, 2, 3, 4, 6, 7, 8, 9, 10, 11, 12, 15, 16, 17, 18, 19, 20, 22, 23, 24, 25, 26, 27, 28, 29, 30, 60, 61, 63]",36.540070159392776,-11.036485769327303
Cat3,15mph,lr,opposite,5,1625004022.336390000,/media/batool/MULTIMODAL_DATA/Multimodal_Data/Cat3/static_in_front/bag_files/Cat3_15mph_lr_opposite_5/lidar_pcd/ns1/velodyne_points/1625004022.336390000.pcd,/media/batool/MULTIMODAL_DATA/Multimodal_Data/Cat3/static_in_front/bag_files/Cat3_15mph_lr_opposite_5/camera_images/1625004022.3394616.jpg,42.338029333333324,-71.08660800000001,8114,19,8,8,70,"[4028, 5324, 5112, 7568, 4877, 4396, 6205, 4856, 7833, 3458, 4973, 5472, 6293, 4224, 4013, 8114, 4057, 6673, 7555, 6126, 4842, 6500, 5048, 4962, 5310, 8043, 4158, 4240, 4742]","[1, 2, 3, 4, 6, 7, 8, 9, 10, 11, 12, 15, 16, 17, 18, 19, 20, 22, 23, 24, 25, 26, 27, 28, 29, 30, 60, 61, 63]",36.540070160559935,-11.036485769327303
Cat3,15mph,lr,opposite,5,1625004022.437253000,/media/batool/MULTIMODAL_DATA/Multimodal_Data/Cat3/static_in_front/bag_files/Cat3_15mph_lr_opposite_5/lidar_pcd/ns1/velodyne_points/1625004022.437253000.pcd,/media/batool/MULTIMODAL_DATA/Multimodal_Data/Cat3/static_in_front/bag_files/Cat3_15mph_lr_opposite_5/camera_images/1625004022.4394615.jpg,42.338029333333324,-71.08660800000001,8114,19,8,8,70,"[4028, 5324, 5112, 7568, 4877, 4396, 6205, 4856, 7833, 3458, 4973, 5472, 6293, 4224, 4013, 8114, 4057, 6673, 7555, 6126, 4842, 6500, 5048, 4962, 5310, 8043, 4158, 4240, 4742]","[1, 2, 3, 4, 6, 7, 8, 9, 10, 11, 12, 15, 16, 17, 18, 19, 20, 22, 23, 24, 25, 26, 27, 28, 29, 30, 60, 61, 63]",36.540070160559935,-11.036485769327303
Cat3,15mph,lr,opposite,5,1625004022.538118000,/media/batool/MULTIMODAL_DATA/Multimodal_Data/Cat3/static_in_front/bag_files/Cat3_15mph_lr_opposite_5/lidar_pcd/ns1/velodyne_points/1625004022.538118000.pcd,/media/batool/MULTIMODAL_DATA/Multimodal_Data/Cat3/static_in_front/bag_files/Cat3_15mph_lr_opposite_5/camera_images/1625004022.5394614.jpg,42.338029333333324,-71.086608,8114,19,8,8,70,"[4028, 5324, 5112, 7568, 4877, 4396, 6205, 4856, 7833, 3458, 4973, 5472, 6293, 4224, 4013, 8114, 4057, 6673, 7555, 6126, 4842, 6500, 5048, 4962, 5310, 8043, 4158, 4240, 4742]","[1, 2, 3, 4, 6, 7, 8, 9, 10, 11, 12, 15, 16, 17, 18, 19, 20, 22, 23, 24, 25, 26, 27, 28, 29, 30, 60, 61, 63]",36.540070161727094,-11.036485769327303
Cat3,15mph,lr,opposite,5,1625004022.638994000,/media/batool/MULTIMODAL_DATA/Multimodal_Data/Cat3/static_in_front/bag_files/Cat3_15mph_lr_opposite_5/lidar_pcd/ns1/velodyne_points/1625004022.638994000.pcd,/media/batool/MULTIMODAL_DATA/Multimodal_Data/Cat3/static_in_front/bag_files/Cat3_15mph_lr_opposite_5/camera_images/1625004022.6394613.jpg,42.338029333333324,-71.08660800000001,8114,19,8,8,70,"[4028, 5324, 5112, 7568, 4877, 4396, 6205, 4856, 7833, 3458, 4973, 5472, 6293, 4224, 4013, 8114, 4057, 6673, 7555, 6126, 4842, 6500, 5048, 4962, 5310, 8043, 4158, 4240, 4742]","[1, 2, 3, 4, 6, 7, 8, 9, 10, 11, 12, 15, 16, 17, 18, 19, 20, 22, 23, 24, 25, 26, 27, 28, 29, 30, 60, 61, 63]",36.540070160559935,-11.036485769327303
Cat3,15mph,lr,opposite,5,1625004022.739859000,/media/batool/MULTIMODAL_DATA/Multimodal_Data/Cat3/static_in_front/bag_files/Cat3_15mph_lr_opposite_5/lidar_pcd/ns1/velodyne_points/1625004022.739859000.pcd,/media/batool/MULTIMODAL_DATA/Multimodal_Data/Cat3/static_in_front/bag_files/Cat3_15mph_lr_opposite_5/camera_images/1625004022.7394612.jpg,42.338029333333324,-71.08660800000001,8114,19,8,8,70,"[4028, 5324, 5112, 7568, 4877, 4396, 6205, 4856, 7833, 3458, 4973, 5472, 6293, 4224, 4013, 8114, 4057, 6673, 7555, 6126, 4842, 6500, 5048, 4962, 5310, 8043, 4158, 4240, 4742]","[1, 2, 3, 4, 6, 7, 8, 9, 10, 11, 12, 15, 16, 17, 18, 19, 20, 22, 23, 24, 25, 26, 27, 28, 29, 30, 60, 61, 63]",36.540070160559935,-11.036485769327303
Cat3,15mph,lr,opposite,5,1625004022.840686000,/media/batool/MULTIMODAL_DATA/Multimodal_Data/Cat3/static_in_front/bag_files/Cat3_15mph_lr_opposite_5/lidar_pcd/ns1/velodyne_points/1625004022.840686000.pcd,/media/batool/MULTIMODAL_DATA/Multimodal_Data/Cat3/static_in_front/bag_files/Cat3_15mph_lr_opposite_5/camera_images/1625004022.839461.jpg,42.338029333333324,-71.086608,8114,19,8,8,70,"[4028, 5324, 5112, 7568, 4877, 4396, 6205, 4856, 7833, 3458, 4973, 5472, 6293, 4224, 4013, 8114, 4057, 6673, 7555, 6126, 4842, 6500, 5048, 4962, 5310, 8043, 4158, 4240, 4742]","[1, 2, 3, 4, 6, 7, 8, 9, 10, 11, 12, 15, 16, 17, 18, 19, 20, 22, 23, 24, 25, 26, 27, 28, 29, 30, 60, 61, 63]",36.540070161727094,-11.036485769327303
Cat3,15mph,lr,opposite,5,1625004022.941530000,/media/batool/MULTIMODAL_DATA/Multimodal_Data/Cat3/static_in_front/bag_files/Cat3_15mph_lr_opposite_5/lidar_pcd/ns1/velodyne_points/1625004022.941530000.pcd,/media/batool/MULTIMODAL_DATA/Multimodal_Data/Cat3/static_in_front/bag_files/Cat3_15mph_lr_opposite_5/camera_images/1625004022.939461.jpg,42.338029333333324,-71.086608,8114,19,8,8,70,"[4028, 5324, 5112, 7568, 4877, 4396, 6205, 4856, 7833, 3458, 4973, 5472, 6293, 4224, 4013, 8114, 4057, 6673, 7555, 6126, 4842, 6500, 5048, 4962, 5310, 8043, 4158, 4240, 4742]","[1, 2, 3, 4, 6, 7, 8, 9, 10, 11, 12, 15, 16, 17, 18, 19, 20, 22, 23, 24, 25, 26, 27, 28, 29, 30, 60, 61, 63]",36.540070161727094,-11.036485769327303
Cat3,15mph,lr,opposite,5,1625004022.235529000,/media/batool/MULTIMODAL_DATA/Multimodal_Data/Cat3/static_in_front/bag_files/Cat3_15mph_lr_opposite_5/lidar_pcd/ns1/velodyne_points/1625004022.235529000.pcd,/media/batool/MULTIMODAL_DATA/Multimodal_Data/Cat3/static_in_front/bag_files/Cat3_15mph_lr_opposite_5/camera_images/1625004022.2394617.jpg,42.338029333333324,-71.08660800000001,8114,19,8,8,70,"[4028, 5324, 5112, 7568, 4877, 4396, 6205, 4856, 7833, 3458, 4973, 5472, 6293, 4224, 4013, 8114, 4057, 6673, 7555, 6126, 4842, 6500, 5048, 4962, 5310, 8043, 4158, 4240, 4742]","[1, 2, 3, 4, 6, 7, 8, 9, 10, 11, 12, 15, 16, 17, 18, 19, 20, 22, 23, 24, 25, 26, 27, 28, 29, 30, 60, 61, 63]",36.540070160559935,-11.036485769327303
Cat3,15mph,lr,opposite,5,1625004023.042396000,/media/batool/MULTIMODAL_DATA/Multimodal_Data/Cat3/static_in_front/bag_files/Cat3_15mph_lr_opposite_5/lidar_pcd/ns1/velodyne_points/1625004023.042396000.pcd,/media/batool/MULTIMODAL_DATA/Multimodal_Data/Cat3/static_in_front/bag_files/Cat3_15mph_lr_opposite_5/camera_images/1625004023.039461.jpg,42.338029333333324,-71.086608,11864,30,8,8,60,"[6766, 6452, 9548, 4128, 5676, 6386, 7914, 5192, 9968, 4310, 5446, 6517, 7674, 6448, 5854, 10474, 5252, 9422, 8092, 7862, 4272, 8224, 5360, 4542, 6728, 11864, 4684, 5994, 6202, 5595]","[2, 3, 4, 5, 6, 7, 8, 9, 10, 11, 12, 15, 16, 17, 18, 19, 20, 22, 23, 24, 25, 26, 27, 28, 29, 30, 59, 60, 61, 63]",36.540070161727094,-11.036485769327303
Cat3,15mph,lr,opposite,5,1625004023.143224000,/media/batool/MULTIMODAL_DATA/Multimodal_Data/Cat3/static_in_front/bag_files/Cat3_15mph_lr_opposite_5/lidar_pcd/ns1/velodyne_points/1625004023.143224000.pcd,/media/batool/MULTIMODAL_DATA/Multimodal_Data/Cat3/static_in_front/bag_files/Cat3_15mph_lr_opposite_5/camera_images/1625004023.1394608.jpg,42.338029333333324,-71.086608,11864,30,8,8,60,"[6766, 6452, 9548, 4128, 5676, 6386, 7914, 5192, 9968, 4310, 5446, 6517, 7674, 6448, 5854, 10474, 5252, 9422, 8092, 7862, 4272, 8224, 5360, 4542, 6728, 11864, 4684, 5994, 6202, 5595]","[2, 3, 4, 5, 6, 7, 8, 9, 10, 11, 12, 15, 16, 17, 18, 19, 20, 22, 23, 24, 25, 26, 27, 28, 29, 30, 59, 60, 61, 63]",36.540070161727094,-11.036485769327303
Cat3,15mph,lr,opposite,5,1625004023.244097000,/media/batool/MULTIMODAL_DATA/Multimodal_Data/Cat3/static_in_front/bag_files/Cat3_15mph_lr_opposite_5/lidar_pcd/ns1/velodyne_points/1625004023.244097000.pcd,/media/batool/MULTIMODAL_DATA/Multimodal_Data/Cat3/static_in_front/bag_files/Cat3_15mph_lr_opposite_5/camera_images/1625004023.2394607.jpg,42.33802933333333,-71.08660800000001,11864,30,8,8,60,"[6766, 6452, 9548, 4128, 5676, 6386, 7914, 5192, 9968, 4310, 5446, 6517, 7674, 6448, 5854, 10474, 5252, 9422, 8092, 7862, 4272, 8224, 5360, 4542, 6728, 11864, 4684, 5994, 6202, 5595]","[2, 3, 4, 5, 6, 7, 8, 9, 10, 11, 12, 15, 16, 17, 18, 19, 20, 22, 23, 24, 25, 26, 27, 28, 29, 30, 59, 60, 61, 63]",36.540070160559935,-11.03648576853781
Cat3,15mph,lr,opposite,5,1625004023.344916000,/media/batool/MULTIMODAL_DATA/Multimodal_Data/Cat3/static_in_front/bag_files/Cat3_15mph_lr_opposite_5/lidar_pcd/ns1/velodyne_points/1625004023.344916000.pcd,/media/batool/MULTIMODAL_DATA/Multimodal_Data/Cat3/static_in_front/bag_files/Cat3_15mph_lr_opposite_5/camera_images/1625004023.3394606.jpg,42.33802933333333,-71.08660800000001,11864,30,8,8,60,"[6766, 6452, 9548, 4128, 5676, 6386, 7914, 5192, 9968, 4310, 5446, 6517, 7674, 6448, 5854, 10474, 5252, 9422, 8092, 7862, 4272, 8224, 5360, 4542, 6728, 11864, 4684, 5994, 6202, 5595]","[2, 3, 4, 5, 6, 7, 8, 9, 10, 11, 12, 15, 16, 17, 18, 19, 20, 22, 23, 24, 25, 26, 27, 28, 29, 30, 59, 60, 61, 63]",36.540070160559935,-11.03648576853781
Cat3,15mph,lr,opposite,5,1625004023.445822000,/media/batool/MULTIMODAL_DATA/Multimodal_Data/Cat3/static_in_front/bag_files/Cat3_15mph_lr_opposite_5/lidar_pcd/ns1/velodyne_points/1625004023.445822000.pcd,/media/batool/MULTIMODAL_DATA/Multimodal_Data/Cat3/static_in_front/bag_files/Cat3_15mph_lr_opposite_5/camera_images/1625004023.4394605.jpg,42.33802933333333,-71.08660800000001,11864,30,8,8,60,"[6766, 6452, 9548, 4128, 5676, 6386, 7914, 5192, 9968, 4310, 5446, 6517, 7674, 6448, 5854, 10474, 5252, 9422, 8092, 7862, 4272, 8224, 5360, 4542, 6728, 11864, 4684, 5994, 6202, 5595]","[2, 3, 4, 5, 6, 7, 8, 9, 10, 11, 12, 15, 16, 17, 18, 19, 20, 22, 23, 24, 25, 26, 27, 28, 29, 30, 59, 60, 61, 63]",36.540070160559935,-11.03648576853781
Cat3,15mph,lr,opposite,5,1625004023.546683000,/media/batool/MULTIMODAL_DATA/Multimodal_Data/Cat3/static_in_front/bag_files/Cat3_15mph_lr_opposite_5/lidar_pcd/ns1/velodyne_points/1625004023.546683000.pcd,/media/batool/MULTIMODAL_DATA/Multimodal_Data/Cat3/static_in_front/bag_files/Cat3_15mph_lr_opposite_5/camera_images/1625004023.5394604.jpg,42.338029333333324,-71.08660800000001,11864,30,8,8,60,"[6766, 6452, 9548, 4128, 5676, 6386, 7914, 5192, 9968, 4310, 5446, 6517, 7674, 6448, 5854, 10474, 5252, 9422, 8092, 7862, 4272, 8224, 5360, 4542, 6728, 11864, 4684, 5994, 6202, 5595]","[2, 3, 4, 5, 6, 7, 8, 9, 10, 11, 12, 15, 16, 17, 18, 19, 20, 22, 23, 24, 25, 26, 27, 28, 29, 30, 59, 60, 61, 63]",36.540070160559935,-11.036485769327303
Cat3,15mph,lr,opposite,5,1625004023.647540000,/media/batool/MULTIMODAL_DATA/Multimodal_Data/Cat3/static_in_front/bag_files/Cat3_15mph_lr_opposite_5/lidar_pcd/ns1/velodyne_points/1625004023.647540000.pcd,/media/batool/MULTIMODAL_DATA/Multimodal_Data/Cat3/static_in_front/bag_files/Cat3_15mph_lr_opposite_5/camera_images/1625004023.6394603.jpg,42.338029333333324,-71.08660800000001,11864,30,8,8,60,"[6766, 6452, 9548, 4128, 5676, 6386, 7914, 5192, 9968, 4310, 5446, 6517, 7674, 6448, 5854, 10474, 5252, 9422, 8092, 7862, 4272, 8224, 5360, 4542, 6728, 11864, 4684, 5994, 6202, 5595]","[2, 3, 4, 5, 6, 7, 8, 9, 10, 11, 12, 15, 16, 17, 18, 19, 20, 22, 23, 24, 25, 26, 27, 28, 29, 30, 59, 60, 61, 63]",36.540070160559935,-11.036485769327303
Cat3,15mph,lr,opposite,5,1625004023.849237000,/media/batool/MULTIMODAL_DATA/Multimodal_Data/Cat3/static_in_front/bag_files/Cat3_15mph_lr_opposite_5/lidar_pcd/ns1/velodyne_points/1625004023.849237000.pcd,/media/batool/MULTIMODAL_DATA/Multimodal_Data/Cat3/static_in_front/bag_files/Cat3_15mph_lr_opposite_5/camera_images/1625004023.8394601.jpg,42.338029333333324,-71.08660800000001,11864,30,8,8,60,"[6766, 6452, 9548, 4128, 5676, 6386, 7914, 5192, 9968, 4310, 5446, 6517, 7674, 6448, 5854, 10474, 5252, 9422, 8092, 7862, 4272, 8224, 5360, 4542, 6728, 11864, 4684, 5994, 6202, 5595]","[2, 3, 4, 5, 6, 7, 8, 9, 10, 11, 12, 15, 16, 17, 18, 19, 20, 22, 23, 24, 25, 26, 27, 28, 29, 30, 59, 60, 61, 63]",36.540070160559935,-11.036485769327303
Cat3,15mph,lr,opposite,5,1625004023.748392000,/media/batool/MULTIMODAL_DATA/Multimodal_Data/Cat3/static_in_front/bag_files/Cat3_15mph_lr_opposite_5/lidar_pcd/ns1/velodyne_points/1625004023.748392000.pcd,/media/batool/MULTIMODAL_DATA/Multimodal_Data/Cat3/static_in_front/bag_files/Cat3_15mph_lr_opposite_5/camera_images/1625004023.7394602.jpg,42.338029333333324,-71.08660800000001,11864,30,8,8,60,"[6766, 6452, 9548, 4128, 5676, 6386, 7914, 5192, 9968, 4310, 5446, 6517, 7674, 6448, 5854, 10474, 5252, 9422, 8092, 7862, 4272, 8224, 5360, 4542, 6728, 11864, 4684, 5994, 6202, 5595]","[2, 3, 4, 5, 6, 7, 8, 9, 10, 11, 12, 15, 16, 17, 18, 19, 20, 22, 23, 24, 25, 26, 27, 28, 29, 30, 59, 60, 61, 63]",36.540070160559935,-11.036485769327303
Cat3,15mph,lr,opposite,5,1625004023.950107000,/media/batool/MULTIMODAL_DATA/Multimodal_Data/Cat3/static_in_front/bag_files/Cat3_15mph_lr_opposite_5/lidar_pcd/ns1/velodyne_points/1625004023.950107000.pcd,/media/batool/MULTIMODAL_DATA/Multimodal_Data/Cat3/static_in_front/bag_files/Cat3_15mph_lr_opposite_5/camera_images/1625004023.93946.jpg,42.338029333333324,-71.08660800000001,11864,30,8,8,60,"[6766, 6452, 9548, 4128, 5676, 6386, 7914, 5192, 9968, 4310, 5446, 6517, 7674, 6448, 5854, 10474, 5252, 9422, 8092, 7862, 4272, 8224, 5360, 4542, 6728, 11864, 4684, 5994, 6202, 5595]","[2, 3, 4, 5, 6, 7, 8, 9, 10, 11, 12, 15, 16, 17, 18, 19, 20, 22, 23, 24, 25, 26, 27, 28, 29, 30, 59, 60, 61, 63]",36.540070160559935,-11.036485769327303
Cat3,15mph,lr,opposite,5,1625004024.050928000,/media/batool/MULTIMODAL_DATA/Multimodal_Data/Cat3/static_in_front/bag_files/Cat3_15mph_lr_opposite_5/lidar_pcd/ns1/velodyne_points/1625004024.050928000.pcd,/media/batool/MULTIMODAL_DATA/Multimodal_Data/Cat3/static_in_front/bag_files/Cat3_15mph_lr_opposite_5/camera_images/1625004024.03946.jpg,42.338029333333324,-71.086608,11864,30,8,8,60,"[6766, 6452, 9548, 4128, 5676, 6386, 7914, 5192, 9968, 4310, 5446, 6517, 7674, 6448, 5854, 10474, 5252, 9422, 8092, 7862, 4272, 8224, 5360, 4542, 6728, 11864, 4684, 5994, 6202, 5595]","[2, 3, 4, 5, 6, 7, 8, 9, 10, 11, 12, 15, 16, 17, 18, 19, 20, 22, 23, 24, 25, 26, 27, 28, 29, 30, 59, 60, 61, 63]",36.540070161727094,-11.036485769327303
Cat3,15mph,lr,opposite,5,1625004024.151819000,/media/batool/MULTIMODAL_DATA/Multimodal_Data/Cat3/static_in_front/bag_files/Cat3_15mph_lr_opposite_5/lidar_pcd/ns1/velodyne_points/1625004024.151819000.pcd,/media/batool/MULTIMODAL_DATA/Multimodal_Data/Cat3/static_in_front/bag_files/Cat3_15mph_lr_opposite_5/camera_images/1625004024.1394598.jpg,42.338029333333324,-71.086608,11864,30,8,8,60,"[6766, 6452, 9548, 4128, 5676, 6386, 7914, 5192, 9968, 4310, 5446, 6517, 7674, 6448, 5854, 10474, 5252, 9422, 8092, 7862, 4272, 8224, 5360, 4542, 6728, 11864, 4684, 5994, 6202, 5595]","[2, 3, 4, 5, 6, 7, 8, 9, 10, 11, 12, 15, 16, 17, 18, 19, 20, 22, 23, 24, 25, 26, 27, 28, 29, 30, 59, 60, 61, 63]",36.540070161727094,-11.036485769327303
Cat3,15mph,lr,opposite,5,1625004024.252661000,/media/batool/MULTIMODAL_DATA/Multimodal_Data/Cat3/static_in_front/bag_files/Cat3_15mph_lr_opposite_5/lidar_pcd/ns1/velodyne_points/1625004024.252661000.pcd,/media/batool/MULTIMODAL_DATA/Multimodal_Data/Cat3/static_in_front/bag_files/Cat3_15mph_lr_opposite_5/camera_images/1625004024.2394598.jpg,42.338029333333324,-71.086608,11864,30,8,8,60,"[6766, 6452, 9548, 4128, 5676, 6386, 7914, 5192, 9968, 4310, 5446, 6517, 7674, 6448, 5854, 10474, 5252, 9422, 8092, 7862, 4272, 8224, 5360, 4542, 6728, 11864, 4684, 5994, 6202, 5595]","[2, 3, 4, 5, 6, 7, 8, 9, 10, 11, 12, 15, 16, 17, 18, 19, 20, 22, 23, 24, 25, 26, 27, 28, 29, 30, 59, 60, 61, 63]",36.540070161727094,-11.036485769327303
Cat3,15mph,lr,opposite,5,1625004024.353518000,/media/batool/MULTIMODAL_DATA/Multimodal_Data/Cat3/static_in_front/bag_files/Cat3_15mph_lr_opposite_5/lidar_pcd/ns1/velodyne_points/1625004024.353518000.pcd,/media/batool/MULTIMODAL_DATA/Multimodal_Data/Cat3/static_in_front/bag_files/Cat3_15mph_lr_opposite_5/camera_images/1625004024.3394597.jpg,42.338029333333324,-71.086608,11864,30,8,8,60,"[6766, 6452, 9548, 4128, 5676, 6386, 7914, 5192, 9968, 4310, 5446, 6517, 7674, 6448, 5854, 10474, 5252, 9422, 8092, 7862, 4272, 8224, 5360, 4542, 6728, 11864, 4684, 5994, 6202, 5595]","[2, 3, 4, 5, 6, 7, 8, 9, 10, 11, 12, 15, 16, 17, 18, 19, 20, 22, 23, 24, 25, 26, 27, 28, 29, 30, 59, 60, 61, 63]",36.540070161727094,-11.036485769327303
Cat3,15mph,lr,opposite,5,1625004024.454371000,/media/batool/MULTIMODAL_DATA/Multimodal_Data/Cat3/static_in_front/bag_files/Cat3_15mph_lr_opposite_5/lidar_pcd/ns1/velodyne_points/1625004024.454371000.pcd,/media/batool/MULTIMODAL_DATA/Multimodal_Data/Cat3/static_in_front/bag_files/Cat3_15mph_lr_opposite_5/camera_images/1625004024.4394596.jpg,42.338029333333324,-71.086608,11864,30,8,8,60,"[6766, 6452, 9548, 4128, 5676, 6386, 7914, 5192, 9968, 4310, 5446, 6517, 7674, 6448, 5854, 10474, 5252, 9422, 8092, 7862, 4272, 8224, 5360, 4542, 6728, 11864, 4684, 5994, 6202, 5595]","[2, 3, 4, 5, 6, 7, 8, 9, 10, 11, 12, 15, 16, 17, 18, 19, 20, 22, 23, 24, 25, 26, 27, 28, 29, 30, 59, 60, 61, 63]",36.540070161727094,-11.036485769327303
Cat3,15mph,lr,opposite,5,1625004024.555252000,/media/batool/MULTIMODAL_DATA/Multimodal_Data/Cat3/static_in_front/bag_files/Cat3_15mph_lr_opposite_5/lidar_pcd/ns1/velodyne_points/1625004024.555252000.pcd,/media/batool/MULTIMODAL_DATA/Multimodal_Data/Cat3/static_in_front/bag_files/Cat3_15mph_lr_opposite_5/camera_images/1625004024.5394595.jpg,42.33802933333333,-71.086608,11864,30,8,8,60,"[6766, 6452, 9548, 4128, 5676, 6386, 7914, 5192, 9968, 4310, 5446, 6517, 7674, 6448, 5854, 10474, 5252, 9422, 8092, 7862, 4272, 8224, 5360, 4542, 6728, 11864, 4684, 5994, 6202, 5595]","[2, 3, 4, 5, 6, 7, 8, 9, 10, 11, 12, 15, 16, 17, 18, 19, 20, 22, 23, 24, 25, 26, 27, 28, 29, 30, 59, 60, 61, 63]",36.540070161727094,-11.03648576853781
Cat3,15mph,lr,opposite,5,1625004024.656085000,/media/batool/MULTIMODAL_DATA/Multimodal_Data/Cat3/static_in_front/bag_files/Cat3_15mph_lr_opposite_5/lidar_pcd/ns1/velodyne_points/1625004024.656085000.pcd,/media/batool/MULTIMODAL_DATA/Multimodal_Data/Cat3/static_in_front/bag_files/Cat3_15mph_lr_opposite_5/camera_images/1625004024.6394594.jpg,42.33802933333333,-71.086608,11864,30,8,8,60,"[6766, 6452, 9548, 4128, 5676, 6386, 7914, 5192, 9968, 4310, 5446, 6517, 7674, 6448, 5854, 10474, 5252, 9422, 8092, 7862, 4272, 8224, 5360, 4542, 6728, 11864, 4684, 5994, 6202, 5595]","[2, 3, 4, 5, 6, 7, 8, 9, 10, 11, 12, 15, 16, 17, 18, 19, 20, 22, 23, 24, 25, 26, 27, 28, 29, 30, 59, 60, 61, 63]",36.540070161727094,-11.03648576853781
Cat3,15mph,lr,opposite,5,1625004024.756960000,/media/batool/MULTIMODAL_DATA/Multimodal_Data/Cat3/static_in_front/bag_files/Cat3_15mph_lr_opposite_5/lidar_pcd/ns1/velodyne_points/1625004024.756960000.pcd,/media/batool/MULTIMODAL_DATA/Multimodal_Data/Cat3/static_in_front/bag_files/Cat3_15mph_lr_opposite_5/camera_images/1625004024.7727926.jpg,42.33802933333333,-71.086608,11864,30,8,8,60,"[6766, 6452, 9548, 4128, 5676, 6386, 7914, 5192, 9968, 4310, 5446, 6517, 7674, 6448, 5854, 10474, 5252, 9422, 8092, 7862, 4272, 8224, 5360, 4542, 6728, 11864, 4684, 5994, 6202, 5595]","[2, 3, 4, 5, 6, 7, 8, 9, 10, 11, 12, 15, 16, 17, 18, 19, 20, 22, 23, 24, 25, 26, 27, 28, 29, 30, 59, 60, 61, 63]",36.540070161727094,-11.03648576853781
Cat3,15mph,lr,opposite,5,1625004024.857817000,/media/batool/MULTIMODAL_DATA/Multimodal_Data/Cat3/static_in_front/bag_files/Cat3_15mph_lr_opposite_5/lidar_pcd/ns1/velodyne_points/1625004024.857817000.pcd,/media/batool/MULTIMODAL_DATA/Multimodal_Data/Cat3/static_in_front/bag_files/Cat3_15mph_lr_opposite_5/camera_images/1625004024.8727925.jpg,42.33802933333334,-71.08660800000001,11864,30,8,8,70,"[6766, 6452, 9548, 4128, 5676, 6386, 7914, 5192, 9968, 4310, 5446, 6517, 7674, 6448, 5854, 10474, 5252, 9422, 8092, 7862, 4272, 8224, 5360, 4542, 6728, 11864, 4684, 5994, 6202, 5595]","[2, 3, 4, 5, 6, 7, 8, 9, 10, 11, 12, 15, 16, 17, 18, 19, 20, 22, 23, 24, 25, 26, 27, 28, 29, 30, 59, 60, 61, 63]",36.540070160559935,-11.036485767748319
Cat3,15mph,lr,opposite,5,1625004024.958672000,/media/batool/MULTIMODAL_DATA/Multimodal_Data/Cat3/static_in_front/bag_files/Cat3_15mph_lr_opposite_5/lidar_pcd/ns1/velodyne_points/1625004024.958672000.pcd,/media/batool/MULTIMODAL_DATA/Multimodal_Data/Cat3/static_in_front/bag_files/Cat3_15mph_lr_opposite_5/camera_images/1625004024.9727924.jpg,42.33802933333334,-71.08660800000003,11864,30,8,8,70,"[6766, 6452, 9548, 4128, 5676, 6386, 7914, 5192, 9968, 4310, 5446, 6517, 7674, 6448, 5854, 10474, 5252, 9422, 8092, 7862, 4272, 8224, 5360, 4542, 6728, 11864, 4684, 5994, 6202, 5595]","[2, 3, 4, 5, 6, 7, 8, 9, 10, 11, 12, 15, 16, 17, 18, 19, 20, 22, 23, 24, 25, 26, 27, 28, 29, 30, 59, 60, 61, 63]",36.540070159392776,-11.036485767748319
Cat3,15mph,lr,opposite,5,1625004025.059528000,/media/batool/MULTIMODAL_DATA/Multimodal_Data/Cat3/static_in_front/bag_files/Cat3_15mph_lr_opposite_5/lidar_pcd/ns1/velodyne_points/1625004025.059528000.pcd,/media/batool/MULTIMODAL_DATA/Multimodal_Data/Cat3/static_in_front/bag_files/Cat3_15mph_lr_opposite_5/camera_images/1625004025.0727923.jpg,42.33802933333334,-71.08660800000003,11864,30,8,8,70,"[6766, 6452, 9548, 4128, 5676, 6386, 7914, 5192, 9968, 4310, 5446, 6517, 7674, 6448, 5854, 10474, 5252, 9422, 8092, 7862, 4272, 8224, 5360, 4542, 6728, 11864, 4684, 5994, 6202, 5595]","[2, 3, 4, 5, 6, 7, 8, 9, 10, 11, 12, 15, 16, 17, 18, 19, 20, 22, 23, 24, 25, 26, 27, 28, 29, 30, 59, 60, 61, 63]",36.540070159392776,-11.036485767748319
Cat3,15mph,lr,opposite,5,1625004025.160363000,/media/batool/MULTIMODAL_DATA/Multimodal_Data/Cat3/static_in_front/bag_files/Cat3_15mph_lr_opposite_5/lidar_pcd/ns1/velodyne_points/1625004025.160363000.pcd,/media/batool/MULTIMODAL_DATA/Multimodal_Data/Cat3/static_in_front/bag_files/Cat3_15mph_lr_opposite_5/camera_images/1625004025.1727922.jpg,42.338029333333346,-71.08660800000006,11864,30,8,8,70,"[6766, 6452, 9548, 4128, 5676, 6386, 7914, 5192, 9968, 4310, 5446, 6517, 7674, 6448, 5854, 10474, 5252, 9422, 8092, 7862, 4272, 8224, 5360, 4542, 6728, 11864, 4684, 5994, 6202, 5595]","[2, 3, 4, 5, 6, 7, 8, 9, 10, 11, 12, 15, 16, 17, 18, 19, 20, 22, 23, 24, 25, 26, 27, 28, 29, 30, 59, 60, 61, 63]",36.54007015705845,-11.036485766958826
Cat3,15mph,lr,opposite,5,1625004025.362071000,/media/batool/MULTIMODAL_DATA/Multimodal_Data/Cat3/static_in_front/bag_files/Cat3_15mph_lr_opposite_5/lidar_pcd/ns1/velodyne_points/1625004025.362071000.pcd,/media/batool/MULTIMODAL_DATA/Multimodal_Data/Cat3/static_in_front/bag_files/Cat3_15mph_lr_opposite_5/camera_images/1625004025.372792.jpg,42.338029333333346,-71.08660800000008,11864,30,8,8,70,"[6766, 6452, 9548, 4128, 5676, 6386, 7914, 5192, 9968, 4310, 5446, 6517, 7674, 6448, 5854, 10474, 5252, 9422, 8092, 7862, 4272, 8224, 5360, 4542, 6728, 11864, 4684, 5994, 6202, 5595]","[2, 3, 4, 5, 6, 7, 8, 9, 10, 11, 12, 15, 16, 17, 18, 19, 20, 22, 23, 24, 25, 26, 27, 28, 29, 30, 59, 60, 61, 63]",36.540070154724134,-11.036485766958826
Cat3,15mph,lr,opposite,5,1625004025.462943000,/media/batool/MULTIMODAL_DATA/Multimodal_Data/Cat3/static_in_front/bag_files/Cat3_15mph_lr_opposite_5/lidar_pcd/ns1/velodyne_points/1625004025.462943000.pcd,/media/batool/MULTIMODAL_DATA/Multimodal_Data/Cat3/static_in_front/bag_files/Cat3_15mph_lr_opposite_5/camera_images/1625004025.472792.jpg,42.338029333333346,-71.0866080000001,11864,30,8,8,70,"[6766, 6452, 9548, 4128, 5676, 6386, 7914, 5192, 9968, 4310, 5446, 6517, 7674, 6448, 5854, 10474, 5252, 9422, 8092, 7862, 4272, 8224, 5360, 4542, 6728, 11864, 4684, 5994, 6202, 5595]","[2, 3, 4, 5, 6, 7, 8, 9, 10, 11, 12, 15, 16, 17, 18, 19, 20, 22, 23, 24, 25, 26, 27, 28, 29, 30, 59, 60, 61, 63]",36.540070153556975,-11.036485766958826
Cat3,15mph,lr,opposite,5,1625004025.563799000,/media/batool/MULTIMODAL_DATA/Multimodal_Data/Cat3/static_in_front/bag_files/Cat3_15mph_lr_opposite_5/lidar_pcd/ns1/velodyne_points/1625004025.563799000.pcd,/media/batool/MULTIMODAL_DATA/Multimodal_Data/Cat3/static_in_front/bag_files/Cat3_15mph_lr_opposite_5/camera_images/1625004025.5727918.jpg,42.33802933333335,-71.08660800000011,11864,30,8,8,70,"[6766, 6452, 9548, 4128, 5676, 6386, 7914, 5192, 9968, 4310, 5446, 6517, 7674, 6448, 5854, 10474, 5252, 9422, 8092, 7862, 4272, 8224, 5360, 4542, 6728, 11864, 4684, 5994, 6202, 5595]","[2, 3, 4, 5, 6, 7, 8, 9, 10, 11, 12, 15, 16, 17, 18, 19, 20, 22, 23, 24, 25, 26, 27, 28, 29, 30, 59, 60, 61, 63]",36.540070152389816,-11.036485766169335
Cat3,15mph,lr,opposite,5,1625004025.261217000,/media/batool/MULTIMODAL_DATA/Multimodal_Data/Cat3/static_in_front/bag_files/Cat3_15mph_lr_opposite_5/lidar_pcd/ns1/velodyne_points/1625004025.261217000.pcd,/media/batool/MULTIMODAL_DATA/Multimodal_Data/Cat3/static_in_front/bag_files/Cat3_15mph_lr_opposite_5/camera_images/1625004025.272792.jpg,42.338029333333346,-71.08660800000007,11864,30,8,8,70,"[6766, 6452, 9548, 4128, 5676, 6386, 7914, 5192, 9968, 4310, 5446, 6517, 7674, 6448, 5854, 10474, 5252, 9422, 8092, 7862, 4272, 8224, 5360, 4542, 6728, 11864, 4684, 5994, 6202, 5595]","[2, 3, 4, 5, 6, 7, 8, 9, 10, 11, 12, 15, 16, 17, 18, 19, 20, 22, 23, 24, 25, 26, 27, 28, 29, 30, 59, 60, 61, 63]",36.54007015589129,-11.036485766958826
Cat3,15mph,lr,opposite,5,1625004025.664655000,/media/batool/MULTIMODAL_DATA/Multimodal_Data/Cat3/static_in_front/bag_files/Cat3_15mph_lr_opposite_5/lidar_pcd/ns1/velodyne_points/1625004025.664655000.pcd,/media/batool/MULTIMODAL_DATA/Multimodal_Data/Cat3/static_in_front/bag_files/Cat3_15mph_lr_opposite_5/camera_images/1625004025.6727917.jpg,42.33802937023342,-71.08660800000013,9727,19,8,8,70,"[6330, 0, 7823, 3626, 6077, 6236, 6305, 5046, 9380, 4939, 5367, 5510, 6325, 5258, 4332, 9727, 4955, 8097, 7677, 7187, 5034, 7101, 6049, 5284, 5682, 9688, 4662, 5346, 4480, 5222]","[2, 3, 4, 5, 6, 7, 8, 9, 10, 11, 12, 15, 16, 17, 17, 19, 20, 22, 23, 24, 25, 26, 27, 28, 29, 30, 60, 61, 61, 63]",36.54007014050175,-11.0323857585273
Cat3,15mph,lr,opposite,5,1625004025.765516000,/media/batool/MULTIMODAL_DATA/Multimodal_Data/Cat3/static_in_front/bag_files/Cat3_15mph_lr_opposite_5/lidar_pcd/ns1/velodyne_points/1625004025.765516000.pcd,/media/batool/MULTIMODAL_DATA/Multimodal_Data/Cat3/static_in_front/bag_files/Cat3_15mph_lr_opposite_5/camera_images/1625004025.7727916.jpg,42.338029711493895,-71.08660800000011,9727,19,8,8,70,"[6330, 0, 7823, 3626, 6077, 6236, 6305, 5046, 9380, 4939, 5367, 5510, 6325, 5258, 4332, 9727, 4955, 8097, 7677, 7187, 5034, 7101, 6049, 5284, 5682, 9688, 4662, 5346, 4480, 5222]","[2, 3, 4, 5, 6, 7, 8, 9, 10, 11, 12, 15, 16, 17, 17, 19, 20, 22, 23, 24, 25, 26, 27, 28, 29, 30, 60, 61, 61, 63]",36.54007004251941,-10.994467928071572
Cat3,15mph,lr,opposite,5,1625004025.866362000,/media/batool/MULTIMODAL_DATA/Multimodal_Data/Cat3/static_in_front/bag_files/Cat3_15mph_lr_opposite_5/lidar_pcd/ns1/velodyne_points/1625004025.866362000.pcd,/media/batool/MULTIMODAL_DATA/Multimodal_Data/Cat3/static_in_front/bag_files/Cat3_15mph_lr_opposite_5/camera_images/1625004025.8727915.jpg,42.338030052703544,-71.0866080000001,9727,19,8,8,70,"[6330, 0, 7823, 3626, 6077, 6236, 6305, 5046, 9380, 4939, 5367, 5510, 6325, 5258, 4332, 9727, 4955, 8097, 7677, 7187, 5034, 7101, 6049, 5284, 5682, 9688, 4662, 5346, 4480, 5222]","[2, 3, 4, 5, 6, 7, 8, 9, 10, 11, 12, 15, 16, 17, 17, 19, 20, 22, 23, 24, 25, 26, 27, 28, 29, 30, 60, 61, 61, 63]",36.54006994455184,-10.95655574485161
Cat3,15mph,lr,opposite,5,1625004025.967241000,/media/batool/MULTIMODAL_DATA/Multimodal_Data/Cat3/static_in_front/bag_files/Cat3_15mph_lr_opposite_5/lidar_pcd/ns1/velodyne_points/1625004025.967241000.pcd,/media/batool/MULTIMODAL_DATA/Multimodal_Data/Cat3/static_in_front/bag_files/Cat3_15mph_lr_opposite_5/camera_images/1625004025.9727914.jpg,42.33803039402452,-71.08660800000008,9727,19,8,8,70,"[6330, 0, 7823, 3626, 6077, 6236, 6305, 5046, 9380, 4939, 5367, 5510, 6325, 5258, 4332, 9727, 4955, 8097, 7677, 7187, 5034, 7101, 6049, 5284, 5682, 9688, 4662, 5346, 4480, 5222]","[2, 3, 4, 5, 6, 7, 8, 9, 10, 11, 12, 15, 16, 17, 17, 19, 20, 22, 23, 24, 25, 26, 27, 28, 29, 30, 60, 61, 61, 63]",36.540069846551916,-10.91863119187211
Cat3,15mph,lr,opposite,5,1625004026.068085000,/media/batool/MULTIMODAL_DATA/Multimodal_Data/Cat3/static_in_front/bag_files/Cat3_15mph_lr_opposite_5/lidar_pcd/ns1/velodyne_points/1625004026.068085000.pcd,/media/batool/MULTIMODAL_DATA/Multimodal_Data/Cat3/static_in_front/bag_files/Cat3_15mph_lr_opposite_5/camera_images/1625004026.0727913.jpg,42.338030735226916,-71.08660800000007,9727,19,8,8,70,"[6330, 0, 7823, 3626, 6077, 6236, 6305, 5046, 9380, 4939, 5367, 5510, 6325, 5258, 4332, 9727, 4955, 8097, 7677, 7187, 5034, 7101, 6049, 5284, 5682, 9688, 4662, 5346, 4480, 5222]","[2, 3, 4, 5, 6, 7, 8, 9, 10, 11, 12, 15, 16, 17, 17, 19, 20, 22, 23, 24, 25, 26, 27, 28, 29, 30, 60, 61, 61, 63]",36.54006974858645,-10.880719814723408
Cat3,15mph,lr,opposite,5,1625004026.168929000,/media/batool/MULTIMODAL_DATA/Multimodal_Data/Cat3/static_in_front/bag_files/Cat3_15mph_lr_opposite_5/lidar_pcd/ns1/velodyne_points/1625004026.168929000.pcd,/media/batool/MULTIMODAL_DATA/Multimodal_Data/Cat3/static_in_front/bag_files/Cat3_15mph_lr_opposite_5/camera_images/1625004026.1727912.jpg,42.33803107643012,-71.08660800000007,9727,19,8,8,70,"[6330, 0, 7823, 3626, 6077, 6236, 6305, 5046, 9380, 4939, 5367, 5510, 6325, 5258, 4332, 9727, 4955, 8097, 7677, 7187, 5034, 7101, 6049, 5284, 5682, 9688, 4662, 5346, 4480, 5222]","[2, 3, 4, 5, 6, 7, 8, 9, 10, 11, 12, 15, 16, 17, 17, 19, 20, 22, 23, 24, 25, 26, 27, 28, 29, 30, 60, 61, 61, 63]",36.540069649453585,-10.842808347572625
Cat3,15mph,lr,opposite,5,1625004026.269792000,/media/batool/MULTIMODAL_DATA/Multimodal_Data/Cat3/static_in_front/bag_files/Cat3_15mph_lr_opposite_5/lidar_pcd/ns1/velodyne_points/1625004026.269792000.pcd,/media/batool/MULTIMODAL_DATA/Multimodal_Data/Cat3/static_in_front/bag_files/Cat3_15mph_lr_opposite_5/camera_images/1625004026.2727911.jpg,42.338031417697046,-71.08660800000006,9727,19,8,8,70,"[6330, 0, 7823, 3626, 6077, 6236, 6305, 5046, 9380, 4939, 5367, 5510, 6325, 5258, 4332, 9727, 4955, 8097, 7677, 7187, 5034, 7101, 6049, 5284, 5682, 9688, 4662, 5346, 4480, 5222]","[2, 3, 4, 5, 6, 7, 8, 9, 10, 11, 12, 15, 16, 17, 17, 19, 20, 22, 23, 24, 25, 26, 27, 28, 29, 30, 60, 61, 61, 63]",36.54006955146937,-10.804889800258227
Cat3,15mph,lr,opposite,5,1625004026.370679000,/media/batool/MULTIMODAL_DATA/Multimodal_Data/Cat3/static_in_front/bag_files/Cat3_15mph_lr_opposite_5/lidar_pcd/ns1/velodyne_points/1625004026.370679000.pcd,/media/batool/MULTIMODAL_DATA/Multimodal_Data/Cat3/static_in_front/bag_files/Cat3_15mph_lr_opposite_5/camera_images/1625004026.372791.jpg,42.33803175904465,-71.08660800000003,9727,19,8,8,70,"[6330, 0, 7823, 3626, 6077, 6236, 6305, 5046, 9380, 4939, 5367, 5510, 6325, 5258, 4332, 9727, 4955, 8097, 7677, 7187, 5034, 7101, 6049, 5284, 5682, 9688, 4662, 5346, 4480, 5222]","[2, 3, 4, 5, 6, 7, 8, 9, 10, 11, 12, 15, 16, 17, 17, 19, 20, 22, 23, 24, 25, 26, 27, 28, 29, 30, 60, 61, 61, 63]",36.54006945462888,-10.76696228905247
Cat3,15mph,lr,opposite,5,1625004026.471500000,/media/batool/MULTIMODAL_DATA/Multimodal_Data/Cat3/static_in_front/bag_files/Cat3_15mph_lr_opposite_5/lidar_pcd/ns1/velodyne_points/1625004026.471500000.pcd,/media/batool/MULTIMODAL_DATA/Multimodal_Data/Cat3/static_in_front/bag_files/Cat3_15mph_lr_opposite_5/camera_images/1625004026.472791.jpg,42.3380321001696,-71.08660800000003,9727,19,8,8,70,"[6330, 0, 7823, 3626, 6077, 6236, 6305, 5046, 9380, 4939, 5367, 5510, 6325, 5258, 4332, 9727, 4955, 8097, 7677, 7187, 5034, 7101, 6049, 5284, 5682, 9688, 4662, 5346, 4480, 5222]","[2, 3, 4, 5, 6, 7, 8, 9, 10, 11, 12, 15, 16, 17, 17, 19, 20, 22, 23, 24, 25, 26, 27, 28, 29, 30, 60, 61, 61, 63]",36.54006935551875,-10.729059516576298
Cat3,15mph,lr,opposite,5,1625004026.572385000,/media/batool/MULTIMODAL_DATA/Multimodal_Data/Cat3/static_in_front/bag_files/Cat3_15mph_lr_opposite_5/lidar_pcd/ns1/velodyne_points/1625004026.572385000.pcd,/media/batool/MULTIMODAL_DATA/Multimodal_Data/Cat3/static_in_front/bag_files/Cat3_15mph_lr_opposite_5/camera_images/1625004026.5727909.jpg,42.33803259509358,-71.08660876468883,10005,30,8,8,60,"[6314, 6312, 7908, 5490, 5340, 6399, 5120, 8291, 5944, 5295, 6123, 6375, 6220, 4174, 8830, 4279, 8306, 8024, 6419, 5130, 6942, 5312, 5390, 6520, 10005, 4088, 5076, 6056, 5491]","[2, 3, 4, 6, 7, 8, 9, 10, 11, 12, 15, 16, 17, 18, 19, 20, 22, 23, 24, 25, 26, 27, 28, 29, 30, 59, 60, 61, 63]",36.477264162327465,-10.674067963141928
Cat3,15mph,lr,opposite,5,1625004026.673210000,/media/batool/MULTIMODAL_DATA/Multimodal_Data/Cat3/static_in_front/bag_files/Cat3_15mph_lr_opposite_5/lidar_pcd/ns1/velodyne_points/1625004026.673210000.pcd,/media/batool/MULTIMODAL_DATA/Multimodal_Data/Cat3/static_in_front/bag_files/Cat3_15mph_lr_opposite_5/camera_images/1625004026.6727908.jpg,42.33803325450877,-71.08661034939962,10005,30,8,8,60,"[6314, 6312, 7908, 5490, 5340, 6399, 5120, 8291, 5944, 5295, 6123, 6375, 6220, 4174, 8830, 4279, 8306, 8024, 6419, 5130, 6942, 5312, 5390, 6520, 10005, 4088, 5076, 6056, 5491]","[2, 3, 4, 6, 7, 8, 9, 10, 11, 12, 15, 16, 17, 18, 19, 20, 22, 23, 24, 25, 26, 27, 28, 29, 30, 59, 60, 61, 63]",36.34710927556665,-10.600799608400596
Cat3,15mph,lr,opposite,5,1625004026.774100000,/media/batool/MULTIMODAL_DATA/Multimodal_Data/Cat3/static_in_front/bag_files/Cat3_15mph_lr_opposite_5/lidar_pcd/ns1/velodyne_points/1625004026.774100000.pcd,/media/batool/MULTIMODAL_DATA/Multimodal_Data/Cat3/static_in_front/bag_files/Cat3_15mph_lr_opposite_5/camera_images/1625004026.7727907.jpg,42.338033914351215,-71.08661193513716,10005,30,8,8,60,"[6314, 6312, 7908, 5490, 5340, 6399, 5120, 8291, 5944, 5295, 6123, 6375, 6220, 4174, 8830, 4279, 8306, 8024, 6419, 5130, 6942, 5312, 5390, 6520, 10005, 4088, 5076, 6056, 5491]","[2, 3, 4, 6, 7, 8, 9, 10, 11, 12, 15, 16, 17, 18, 19, 20, 22, 23, 24, 25, 26, 27, 28, 29, 30, 59, 60, 61, 63]",36.216870061642716,-10.527483781509595
Cat3,15mph,lr,opposite,5,1625004026.874960000,/media/batool/MULTIMODAL_DATA/Multimodal_Data/Cat3/static_in_front/bag_files/Cat3_15mph_lr_opposite_5/lidar_pcd/ns1/velodyne_points/1625004026.874960000.pcd,/media/batool/MULTIMODAL_DATA/Multimodal_Data/Cat3/static_in_front/bag_files/Cat3_15mph_lr_opposite_5/camera_images/1625004026.8727906.jpg,42.33803457399562,-71.0866135203988,10005,30,8,8,60,"[6314, 6312, 7908, 5490, 5340, 6399, 5120, 8291, 5944, 5295, 6123, 6375, 6220, 4174, 8830, 4279, 8306, 8024, 6419, 5130, 6942, 5312, 5390, 6520, 10005, 4088, 5076, 6056, 5491]","[2, 3, 4, 6, 7, 8, 9, 10, 11, 12, 15, 16, 17, 18, 19, 20, 22, 23, 24, 25, 26, 27, 28, 29, 30, 59, 60, 61, 63]",36.08666993496262,-10.454189958548138
Cat3,15mph,lr,opposite,5,1625004026.975767000,/media/batool/MULTIMODAL_DATA/Multimodal_Data/Cat3/static_in_front/bag_files/Cat3_15mph_lr_opposite_5/lidar_pcd/ns1/velodyne_points/1625004026.975767000.pcd,/media/batool/MULTIMODAL_DATA/Multimodal_Data/Cat3/static_in_front/bag_files/Cat3_15mph_lr_opposite_5/camera_images/1625004026.9727905.jpg,42.33803523329386,-71.08661510482854,10005,30,8,8,60,"[6314, 6312, 7908, 5490, 5340, 6399, 5120, 8291, 5944, 5295, 6123, 6375, 6220, 4174, 8830, 4279, 8306, 8024, 6419, 5130, 6942, 5312, 5390, 6520, 10005, 4088, 5076, 6056, 5491]","[2, 3, 4, 6, 7, 8, 9, 10, 11, 12, 15, 16, 17, 18, 19, 20, 22, 23, 24, 25, 26, 27, 28, 29, 30, 59, 60, 61, 63]",35.95653813523446,-10.380934598843952
Cat3,15mph,lr,opposite,5,1625004027.076668000,/media/batool/MULTIMODAL_DATA/Multimodal_Data/Cat3/static_in_front/bag_files/Cat3_15mph_lr_opposite_5/lidar_pcd/ns1/velodyne_points/1625004027.076668000.pcd,/media/batool/MULTIMODAL_DATA/Multimodal_Data/Cat3/static_in_front/bag_files/Cat3_15mph_lr_opposite_5/camera_images/1625004027.0727904.jpg,42.33803589320803,-71.08661669073847,10005,30,8,8,60,"[6314, 6312, 7908, 5490, 5340, 6399, 5120, 8291, 5944, 5295, 6123, 6375, 6220, 4174, 8830, 4279, 8306, 8024, 6419, 5130, 6942, 5312, 5390, 6520, 10005, 4088, 5076, 6056, 5491]","[2, 3, 4, 6, 7, 8, 9, 10, 11, 12, 15, 16, 17, 18, 19, 20, 22, 23, 24, 25, 26, 27, 28, 29, 30, 59, 60, 61, 63]",35.82628476658279,-10.307610802031933
Cat3,15mph,lr,opposite,5,1625004027.177498000,/media/batool/MULTIMODAL_DATA/Multimodal_Data/Cat3/static_in_front/bag_files/Cat3_15mph_lr_opposite_5/lidar_pcd/ns1/velodyne_points/1625004027.177498000.pcd,/media/batool/MULTIMODAL_DATA/Multimodal_Data/Cat3/static_in_front/bag_files/Cat3_15mph_lr_opposite_5/camera_images/1625004027.1727903.jpg,42.33803655265753,-71.08661827553169,10005,30,8,8,60,"[6314, 6312, 7908, 5490, 5340, 6399, 5120, 8291, 5944, 5295, 6123, 6375, 6220, 4174, 8830, 4279, 8306, 8024, 6419, 5130, 6942, 5312, 5390, 6520, 10005, 4088, 5076, 6056, 5491]","[2, 3, 4, 6, 7, 8, 9, 10, 11, 12, 15, 16, 17, 18, 19, 20, 22, 23, 24, 25, 26, 27, 28, 29, 30, 59, 60, 61, 63]",35.6961231159494,-10.234338635623569
Cat3,15mph,lr,opposite,5,1625004027.278363000,/media/batool/MULTIMODAL_DATA/Multimodal_Data/Cat3/static_in_front/bag_files/Cat3_15mph_lr_opposite_5/lidar_pcd/ns1/velodyne_points/1625004027.278363000.pcd,/media/batool/MULTIMODAL_DATA/Multimodal_Data/Cat3/static_in_front/bag_files/Cat3_15mph_lr_opposite_5/camera_images/1625004027.2727902.jpg,42.338037212334676,-71.08661986087203,10005,30,8,8,60,"[6314, 6312, 7908, 5490, 5340, 6399, 5120, 8291, 5944, 5295, 6123, 6375, 6220, 4174, 8830, 4279, 8306, 8024, 6419, 5130, 6942, 5312, 5390, 6520, 10005, 4088, 5076, 6056, 5491]","[2, 3, 4, 6, 7, 8, 9, 10, 11, 12, 15, 16, 17, 18, 19, 20, 22, 23, 24, 25, 26, 27, 28, 29, 30, 59, 60, 61, 63]",35.5659165309963,-10.161041174683305
Cat3,15mph,lr,opposite,5,1625004027.379240000,/media/batool/MULTIMODAL_DATA/Multimodal_Data/Cat3/static_in_front/bag_files/Cat3_15mph_lr_opposite_5/lidar_pcd/ns1/velodyne_points/1625004027.379240000.pcd,/media/batool/MULTIMODAL_DATA/Multimodal_Data/Cat3/static_in_front/bag_files/Cat3_15mph_lr_opposite_5/camera_images/1625004027.37279.jpg,42.338037872091355,-71.08662144640347,10005,30,8,8,60,"[6314, 6312, 7908, 5490, 5340, 6399, 5120, 8291, 5944, 5295, 6123, 6375, 6220, 4174, 8830, 4279, 8306, 8024, 6419, 5130, 6942, 5312, 5390, 6520, 10005, 4088, 5076, 6056, 5491]","[2, 3, 4, 6, 7, 8, 9, 10, 11, 12, 15, 16, 17, 18, 19, 20, 22, 23, 24, 25, 26, 27, 28, 29, 30, 59, 60, 61, 63]",35.43569425260012,-10.087734876959884
Cat3,15mph,lr,opposite,5,1625004028.286952000,/media/batool/MULTIMODAL_DATA/Multimodal_Data/Cat3/static_in_front/bag_files/Cat3_15mph_lr_opposite_5/lidar_pcd/ns1/velodyne_points/1625004028.286952000.pcd,/media/batool/MULTIMODAL_DATA/Multimodal_Data/Cat3/static_in_front/bag_files/Cat3_15mph_lr_opposite_5/camera_images/1625004028.2727892.jpg,42.33801911143548,-71.08659726125121,10005,30,8,8,60,"[6314, 6312, 7908, 5490, 5340, 6399, 5120, 8291, 5944, 5295, 6123, 6375, 6220, 4174, 8830, 4279, 8306, 8024, 6419, 5130, 6942, 5312, 5390, 6520, 10005, 4088, 5076, 6056, 5491]","[2, 3, 4, 6, 7, 8, 9, 10, 11, 12, 15, 16, 17, 18, 19, 20, 22, 23, 24, 25, 26, 27, 28, 29, 30, 59, 60, 61, 63]",37.42206292199737,-12.172252196604758
Cat3,15mph,lr,opposite,5,1625004027.480082000,/media/batool/MULTIMODAL_DATA/Multimodal_Data/Cat3/static_in_front/bag_files/Cat3_15mph_lr_opposite_5/lidar_pcd/ns1/velodyne_points/1625004027.480082000.pcd,/media/batool/MULTIMODAL_DATA/Multimodal_Data/Cat3/static_in_front/bag_files/Cat3_15mph_lr_opposite_5/camera_images/1625004027.47279.jpg,42.33803774504211,-71.08662180673448,10005,30,8,8,60,"[6314, 6312, 7908, 5490, 5340, 6399, 5120, 8291, 5944, 5295, 6123, 6375, 6220, 4174, 8830, 4279, 8306, 8024, 6419, 5130, 6942, 5312, 5390, 6520, 10005, 4088, 5076, 6056, 5491]","[2, 3, 4, 6, 7, 8, 9, 10, 11, 12, 15, 16, 17, 18, 19, 20, 22, 23, 24, 25, 26, 27, 28, 29, 30, 59, 60, 61, 63]",35.40609975783156,-10.101851460022873
Cat3,15mph,lr,opposite,5,1625004027.580945000,/media/batool/MULTIMODAL_DATA/Multimodal_Data/Cat3/static_in_front/bag_files/Cat3_15mph_lr_opposite_5/lidar_pcd/ns1/velodyne_points/1625004027.580945000.pcd,/media/batool/MULTIMODAL_DATA/Multimodal_Data/Cat3/static_in_front/bag_files/Cat3_15mph_lr_opposite_5/camera_images/1625004027.57279.jpg,42.33803541574355,-71.08661873842031,10005,30,8,8,60,"[6314, 6312, 7908, 5490, 5340, 6399, 5120, 8291, 5944, 5295, 6123, 6375, 6220, 4174, 8830, 4279, 8306, 8024, 6419, 5130, 6942, 5312, 5390, 6520, 10005, 4088, 5076, 6056, 5491]","[2, 3, 4, 6, 7, 8, 9, 10, 11, 12, 15, 16, 17, 18, 19, 20, 22, 23, 24, 25, 26, 27, 28, 29, 30, 59, 60, 61, 63]",35.65810569619305,-10.360662411162341
Cat3,15mph,lr,opposite,5,1625004027.681787000,/media/batool/MULTIMODAL_DATA/Multimodal_Data/Cat3/static_in_front/bag_files/Cat3_15mph_lr_opposite_5/lidar_pcd/ns1/velodyne_points/1625004027.681787000.pcd,/media/batool/MULTIMODAL_DATA/Multimodal_Data/Cat3/static_in_front/bag_files/Cat3_15mph_lr_opposite_5/camera_images/1625004027.6727898.jpg,42.338033086929514,-71.08661567074444,10005,30,8,8,60,"[6314, 6312, 7908, 5490, 5340, 6399, 5120, 8291, 5944, 5295, 6123, 6375, 6220, 4174, 8830, 4279, 8306, 8024, 6419, 5130, 6942, 5312, 5390, 6520, 10005, 4088, 5076, 6056, 5491]","[2, 3, 4, 6, 7, 8, 9, 10, 11, 12, 15, 16, 17, 18, 19, 20, 22, 23, 24, 25, 26, 27, 28, 29, 30, 59, 60, 61, 63]",35.91005921963686,-10.619419526057705
Cat3,15mph,lr,opposite,5,1625004027.782655000,/media/batool/MULTIMODAL_DATA/Multimodal_Data/Cat3/static_in_front/bag_files/Cat3_15mph_lr_opposite_5/lidar_pcd/ns1/velodyne_points/1625004027.782655000.pcd,/media/batool/MULTIMODAL_DATA/Multimodal_Data/Cat3/static_in_front/bag_files/Cat3_15mph_lr_opposite_5/camera_images/1625004027.7727897.jpg,42.33803075751533,-71.08661260227798,10005,30,8,8,60,"[6314, 6312, 7908, 5490, 5340, 6399, 5120, 8291, 5944, 5295, 6123, 6375, 6220, 4174, 8830, 4279, 8306, 8024, 6419, 5130, 6942, 5312, 5390, 6520, 10005, 4088, 5076, 6056, 5491]","[2, 3, 4, 6, 7, 8, 9, 10, 11, 12, 15, 16, 17, 18, 19, 20, 22, 23, 24, 25, 26, 27, 28, 29, 30, 59, 60, 61, 63]",36.16207768397518,-10.878243324599326
Cat3,15mph,lr,opposite,5,1625004027.883500000,/media/batool/MULTIMODAL_DATA/Multimodal_Data/Cat3/static_in_front/bag_files/Cat3_15mph_lr_opposite_5/lidar_pcd/ns1/velodyne_points/1625004027.883500000.pcd,/media/batool/MULTIMODAL_DATA/Multimodal_Data/Cat3/static_in_front/bag_files/Cat3_15mph_lr_opposite_5/camera_images/1625004027.8727896.jpg,42.33802842862971,-71.08660953450779,10005,30,8,8,60,"[6314, 6312, 7908, 5490, 5340, 6399, 5120, 8291, 5944, 5295, 6123, 6375, 6220, 4174, 8830, 4279, 8306, 8024, 6419, 5130, 6942, 5312, 5390, 6520, 10005, 4088, 5076, 6056, 5491]","[2, 3, 4, 6, 7, 8, 9, 10, 11, 12, 15, 16, 17, 18, 19, 20, 22, 23, 24, 25, 26, 27, 28, 29, 30, 59, 60, 61, 63]",36.41403897253833,-11.137008392836378
Cat3,15mph,lr,opposite,5,1625004027.984372000,/media/batool/MULTIMODAL_DATA/Multimodal_Data/Cat3/static_in_front/bag_files/Cat3_15mph_lr_opposite_5/lidar_pcd/ns1/velodyne_points/1625004027.984372000.pcd,/media/batool/MULTIMODAL_DATA/Multimodal_Data/Cat3/static_in_front/bag_files/Cat3_15mph_lr_opposite_5/camera_images/1625004027.9727895.jpg,42.33802609912743,-71.08660646592529,10005,30,8,8,60,"[6314, 6312, 7908, 5490, 5340, 6399, 5120, 8291, 5944, 5295, 6123, 6375, 6220, 4174, 8830, 4279, 8306, 8024, 6419, 5130, 6942, 5312, 5390, 6520, 10005, 4088, 5076, 6056, 5491]","[2, 3, 4, 6, 7, 8, 9, 10, 11, 12, 15, 16, 17, 18, 19, 20, 22, 23, 24, 25, 26, 27, 28, 29, 30, 59, 60, 61, 63]",36.666066986592405,-11.395841979498933
Cat3,15mph,lr,opposite,5,1625004028.085202000,/media/batool/MULTIMODAL_DATA/Multimodal_Data/Cat3/static_in_front/bag_files/Cat3_15mph_lr_opposite_5/lidar_pcd/ns1/velodyne_points/1625004028.085202000.pcd,/media/batool/MULTIMODAL_DATA/Multimodal_Data/Cat3/static_in_front/bag_files/Cat3_15mph_lr_opposite_5/camera_images/1625004028.0727894.jpg,42.3380237705887,-71.08660339861204,10005,30,8,8,60,"[6314, 6312, 7908, 5490, 5340, 6399, 5120, 8291, 5944, 5295, 6123, 6375, 6220, 4174, 8830, 4279, 8306, 8024, 6419, 5130, 6942, 5312, 5390, 6520, 10005, 4088, 5076, 6056, 5491]","[2, 3, 4, 6, 7, 8, 9, 10, 11, 12, 15, 16, 17, 18, 19, 20, 22, 23, 24, 25, 26, 27, 28, 29, 30, 59, 60, 61, 63]",36.91799076371825,-11.65456850552952
Cat3,15mph,lr,opposite,5,1625004028.186077000,/media/batool/MULTIMODAL_DATA/Multimodal_Data/Cat3/static_in_front/bag_files/Cat3_15mph_lr_opposite_5/lidar_pcd/ns1/velodyne_points/1625004028.186077000.pcd,/media/batool/MULTIMODAL_DATA/Multimodal_Data/Cat3/static_in_front/bag_files/Cat3_15mph_lr_opposite_5/camera_images/1625004028.1727893.jpg,42.33802144100933,-71.086600329928,10005,30,8,8,60,"[6314, 6312, 7908, 5490, 5340, 6399, 5120, 8291, 5944, 5295, 6123, 6375, 6220, 4174, 8830, 4279, 8306, 8024, 6419, 5130, 6942, 5312, 5390, 6520, 10005, 4088, 5076, 6056, 5491]","[2, 3, 4, 6, 7, 8, 9, 10, 11, 12, 15, 16, 17, 18, 19, 20, 22, 23, 24, 25, 26, 27, 28, 29, 30, 59, 60, 61, 63]",37.17002713581575,-11.913410657390008
Cat3,15mph,lr,opposite,5,1625004028.387805000,/media/batool/MULTIMODAL_DATA/Multimodal_Data/Cat3/static_in_front/bag_files/Cat3_15mph_lr_opposite_5/lidar_pcd/ns1/velodyne_points/1625004028.387805000.pcd,/media/batool/MULTIMODAL_DATA/Multimodal_Data/Cat3/static_in_front/bag_files/Cat3_15mph_lr_opposite_5/camera_images/1625004028.4061224.jpg,42.33801664905424,-71.08659405953938,7709,22,8,8,40,"[4756, 0, 4614, 4185, 4810, 4356, 4376, 7519, 4022, 5281, 6152, 6264, 3860, 4033, 6685, 3546, 7657, 6034, 6183, 4999, 0, 7709, 6227, 7511, 3893, 6256, 5558, 6328, 4332, 4305, 0, 3585, 3684, 6353, 4221]","[1, 2, 3, 4, 5, 6, 7, 8, 9, 10, 11, 12, 12, 14, 15, 16, 17, 18, 19, 20, 20, 22, 23, 24, 25, 26, 27, 28, 29, 30, 30, 59, 59, 61, 62]",37.68502512828556,-12.445850112088566
Cat3,15mph,lr,opposite,5,1625004028.488649000,/media/batool/MULTIMODAL_DATA/Multimodal_Data/Cat3/static_in_front/bag_files/Cat3_15mph_lr_opposite_5/lidar_pcd/ns1/velodyne_points/1625004028.488649000.pcd,/media/batool/MULTIMODAL_DATA/Multimodal_Data/Cat3/static_in_front/bag_files/Cat3_15mph_lr_opposite_5/camera_images/1625004028.472789.jpg,42.33801137320163,-71.08658803622562,7709,22,8,8,40,"[4756, 0, 4614, 4185, 4810, 4356, 4376, 7519, 4022, 5281, 6152, 6264, 3860, 4033, 6685, 3546, 7657, 6034, 6183, 4999, 0, 7709, 6227, 7511, 3893, 6256, 5558, 6328, 4332, 4305, 0, 3585, 3684, 6353, 4221]","[1, 2, 3, 4, 5, 6, 7, 8, 9, 10, 11, 12, 12, 14, 15, 16, 17, 18, 19, 20, 20, 22, 23, 24, 25, 26, 27, 28, 29, 30, 30, 59, 59, 61, 62]",38.179730670789056,-13.032055957435457
Cat3,15mph,lr,opposite,5,1625004028.589505000,/media/batool/MULTIMODAL_DATA/Multimodal_Data/Cat3/static_in_front/bag_files/Cat3_15mph_lr_opposite_5/lidar_pcd/ns1/velodyne_points/1625004028.589505000.pcd,/media/batool/MULTIMODAL_DATA/Multimodal_Data/Cat3/static_in_front/bag_files/Cat3_15mph_lr_opposite_5/camera_images/1625004028.6061223.jpg,42.338006096712895,-71.08658201218559,7709,22,8,8,40,"[4756, 0, 4614, 4185, 4810, 4356, 4376, 7519, 4022, 5281, 6152, 6264, 3860, 4033, 6685, 3546, 7657, 6034, 6183, 4999, 0, 7709, 6227, 7511, 3893, 6256, 5558, 6328, 4332, 4305, 0, 3585, 3684, 6353, 4221]","[1, 2, 3, 4, 5, 6, 7, 8, 9, 10, 11, 12, 12, 14, 15, 16, 17, 18, 19, 20, 20, 22, 23, 24, 25, 26, 27, 28, 29, 30, 30, 59, 59, 61, 62]",38.674495905001564,-13.618332483626242
Cat3,15mph,lr,opposite,5,1625004028.690356000,/media/batool/MULTIMODAL_DATA/Multimodal_Data/Cat3/static_in_front/bag_files/Cat3_15mph_lr_opposite_5/lidar_pcd/ns1/velodyne_points/1625004028.690356000.pcd,/media/batool/MULTIMODAL_DATA/Multimodal_Data/Cat3/static_in_front/bag_files/Cat3_15mph_lr_opposite_5/camera_images/1625004028.7061222.jpg,42.3380008204861,-71.0865759884446,7709,22,8,8,40,"[4756, 0, 4614, 4185, 4810, 4356, 4376, 7519, 4022, 5281, 6152, 6264, 3860, 4033, 6685, 3546, 7657, 6034, 6183, 4999, 0, 7709, 6227, 7511, 3893, 6256, 5558, 6328, 4332, 4305, 0, 3585, 3684, 6353, 4221]","[1, 2, 3, 4, 5, 6, 7, 8, 9, 10, 11, 12, 12, 14, 15, 16, 17, 18, 19, 20, 20, 22, 23, 24, 25, 26, 27, 28, 29, 30, 30, 59, 59, 61, 62]",39.169236620114354,-14.204579905197079
Cat3,15mph,lr,opposite,5,1625004028.791179000,/media/batool/MULTIMODAL_DATA/Multimodal_Data/Cat3/static_in_front/bag_files/Cat3_15mph_lr_opposite_5/lidar_pcd/ns1/velodyne_points/1625004028.791179000.pcd,/media/batool/MULTIMODAL_DATA/Multimodal_Data/Cat3/static_in_front/bag_files/Cat3_15mph_lr_opposite_5/camera_images/1625004028.806122.jpg,42.337995545731154,-71.08656996638399,7709,22,8,8,40,"[4756, 0, 4614, 4185, 4810, 4356, 4376, 7519, 4022, 5281, 6152, 6264, 3860, 4033, 6685, 3546, 7657, 6034, 6183, 4999, 0, 7709, 6227, 7511, 3893, 6256, 5558, 6328, 4332, 4305, 0, 3585, 3684, 6353, 4221]","[1, 2, 3, 4, 5, 6, 7, 8, 9, 10, 11, 12, 12, 14, 15, 16, 17, 18, 19, 20, 20, 22, 23, 24, 25, 26, 27, 28, 29, 30, 30, 59, 59, 61, 62]",39.66383936318159,-14.790663788251853
Cat3,15mph,lr,opposite,5,1625004028.892079000,/media/batool/MULTIMODAL_DATA/Multimodal_Data/Cat3/static_in_front/bag_files/Cat3_15mph_lr_opposite_5/lidar_pcd/ns1/velodyne_points/1625004028.892079000.pcd,/media/batool/MULTIMODAL_DATA/Multimodal_Data/Cat3/static_in_front/bag_files/Cat3_15mph_lr_opposite_5/camera_images/1625004028.906122.jpg,42.337990266934845,-71.08656393970946,7709,22,8,8,40,"[4756, 0, 4614, 4185, 4810, 4356, 4376, 7519, 4022, 5281, 6152, 6264, 3860, 4033, 6685, 3546, 7657, 6034, 6183, 4999, 0, 7709, 6227, 7511, 3893, 6256, 5558, 6328, 4332, 4305, 0, 3585, 3684, 6353, 4221]","[1, 2, 3, 4, 5, 6, 7, 8, 9, 10, 11, 12, 12, 14, 15, 16, 17, 18, 19, 20, 20, 22, 23, 24, 25, 26, 27, 28, 29, 30, 30, 59, 59, 61, 62]",40.15882109767428,-15.37719671142036
Cat3,15mph,lr,opposite,5,1625004028.992948000,/media/batool/MULTIMODAL_DATA/Multimodal_Data/Cat3/static_in_front/bag_files/Cat3_15mph_lr_opposite_5/lidar_pcd/ns1/velodyne_points/1625004028.992948000.pcd,/media/batool/MULTIMODAL_DATA/Multimodal_Data/Cat3/static_in_front/bag_files/Cat3_15mph_lr_opposite_5/camera_images/1625004029.0061219.jpg,42.33798498977254,-71.08655791490045,7709,22,8,8,40,"[4756, 0, 4614, 4185, 4810, 4356, 4376, 7519, 4022, 5281, 6152, 6264, 3860, 4033, 6685, 3546, 7657, 6034, 6183, 4999, 0, 7709, 6227, 7511, 3893, 6256, 5558, 6328, 4332, 4305, 0, 3585, 3684, 6353, 4221]","[1, 2, 3, 4, 5, 6, 7, 8, 9, 10, 11, 12, 12, 14, 15, 16, 17, 18, 19, 20, 20, 22, 23, 24, 25, 26, 27, 28, 29, 30, 30, 59, 59, 61, 62]",40.653649655500054,-15.963548078288012
Cat3,15mph,lr,opposite,5,1625004029.093796000,/media/batool/MULTIMODAL_DATA/Multimodal_Data/Cat3/static_in_front/bag_files/Cat3_15mph_lr_opposite_5/lidar_pcd/ns1/velodyne_points/1625004029.093796000.pcd,/media/batool/MULTIMODAL_DATA/Multimodal_Data/Cat3/static_in_front/bag_files/Cat3_15mph_lr_opposite_5/camera_images/1625004029.1061218.jpg,42.337979713707895,-71.0865518913446,7709,22,8,8,40,"[4756, 0, 4614, 4185, 4810, 4356, 4376, 7519, 4022, 5281, 6152, 6264, 3860, 4033, 6685, 3546, 7657, 6034, 6183, 4999, 0, 7709, 6227, 7511, 3893, 6256, 5558, 6328, 4332, 4305, 0, 3585, 3684, 6353, 4221]","[1, 2, 3, 4, 5, 6, 7, 8, 9, 10, 11, 12, 12, 14, 15, 16, 17, 18, 19, 20, 20, 22, 23, 24, 25, 26, 27, 28, 29, 30, 30, 59, 59, 61, 62]",41.148375330865974,-16.54977748365304
Cat3,15mph,lr,opposite,5,1625004029.194652000,/media/batool/MULTIMODAL_DATA/Multimodal_Data/Cat3/static_in_front/bag_files/Cat3_15mph_lr_opposite_5/lidar_pcd/ns1/velodyne_points/1625004029.194652000.pcd,/media/batool/MULTIMODAL_DATA/Multimodal_Data/Cat3/static_in_front/bag_files/Cat3_15mph_lr_opposite_5/camera_images/1625004029.2061217.jpg,42.33797443721916,-71.08654586730455,7709,22,8,8,40,"[4756, 0, 4614, 4185, 4810, 4356, 4376, 7519, 4022, 5281, 6152, 6264, 3860, 4033, 6685, 3546, 7657, 6034, 6183, 4999, 0, 7709, 6227, 7511, 3893, 6256, 5558, 6328, 4332, 4305, 0, 3585, 3684, 6353, 4221]","[1, 2, 3, 4, 5, 6, 7, 8, 9, 10, 11, 12, 12, 14, 15, 16, 17, 18, 19, 20, 20, 22, 23, 24, 25, 26, 27, 28, 29, 30, 30, 59, 59, 61, 62]",41.643140815341084,-17.13605400984382
Cat3,15mph,lr,opposite,5,1625004029.295518000,/media/batool/MULTIMODAL_DATA/Multimodal_Data/Cat3/static_in_front/bag_files/Cat3_15mph_lr_opposite_5/lidar_pcd/ns1/velodyne_points/1625004029.295518000.pcd,/media/batool/MULTIMODAL_DATA/Multimodal_Data/Cat3/static_in_front/bag_files/Cat3_15mph_lr_opposite_5/camera_images/1625004029.2727883.jpg,42.33796916021901,-71.08653984268065,7709,22,8,8,40,"[4756, 0, 4614, 4185, 4810, 4356, 4376, 7519, 4022, 5281, 6152, 6264, 3860, 4033, 6685, 3546, 7657, 6034, 6183, 4999, 0, 7709, 6227, 7511, 3893, 6256, 5558, 6328, 4332, 4305, 0, 3585, 3684, 6353, 4221]","[1, 2, 3, 4, 5, 6, 7, 8, 9, 10, 11, 12, 12, 14, 15, 16, 17, 18, 19, 20, 20, 22, 23, 24, 25, 26, 27, 28, 29, 30, 30, 59, 59, 61, 62]",42.137954294254904,-17.72238735971617
Cat3,15mph,lr,opposite,5,1625004029.799811000,/media/batool/MULTIMODAL_DATA/Multimodal_Data/Cat3/static_in_front/bag_files/Cat3_15mph_lr_opposite_5/lidar_pcd/ns1/velodyne_points/1625004029.799811000.pcd,/media/batool/MULTIMODAL_DATA/Multimodal_Data/Cat3/static_in_front/bag_files/Cat3_15mph_lr_opposite_5/camera_images/1625004029.806121.jpg,42.33794211623388,-71.08651321265484,10617,10,1,2,35,"[6952, 4178, 4162, 6346, 3936, 4260, 4148, 5751, 10617, 3487, 4278, 4942, 4146, 5030, 4893, 8419, 5262, 4760, 5080, 5284, 6471, 5194, 6273, 5290, 4923, 6728, 3848, 7224, 5040, 4091, 4245]","[1, 2, 3, 4, 4, 4, 4, 8, 10, 11, 11, 13, 14, 15, 16, 17, 18, 19, 20, 21, 22, 23, 24, 26, 27, 28, 28, 30, 61, 62, 63]",44.32512926612255,-20.727274596134116
Cat3,15mph,lr,opposite,5,1625004029.396375000,/media/batool/MULTIMODAL_DATA/Multimodal_Data/Cat3/static_in_front/bag_files/Cat3_15mph_lr_opposite_5/lidar_pcd/ns1/velodyne_points/1625004029.396375000.pcd,/media/batool/MULTIMODAL_DATA/Multimodal_Data/Cat3/static_in_front/bag_files/Cat3_15mph_lr_opposite_5/camera_images/1625004029.4061215.jpg,42.337963753749996,-71.08653450490719,10617,10,1,2,35,"[6952, 4178, 4162, 6346, 3936, 4260, 4148, 5751, 10617, 3487, 4278, 4942, 4146, 5030, 4893, 8419, 5262, 4760, 5080, 5284, 6471, 5194, 6273, 5290, 4923, 6728, 3848, 7224, 5040, 4091, 4245]","[1, 2, 3, 4, 4, 4, 4, 8, 10, 11, 11, 13, 14, 15, 16, 17, 18, 19, 20, 21, 22, 23, 24, 26, 27, 28, 28, 30, 61, 62, 63]",42.576355761074474,-18.323106139127454
Cat3,15mph,lr,opposite,5,1625004029.497242000,/media/batool/MULTIMODAL_DATA/Multimodal_Data/Cat3/static_in_front/bag_files/Cat3_15mph_lr_opposite_5/lidar_pcd/ns1/velodyne_points/1625004029.497242000.pcd,/media/batool/MULTIMODAL_DATA/Multimodal_Data/Cat3/static_in_front/bag_files/Cat3_15mph_lr_opposite_5/camera_images/1625004029.5061214.jpg,42.337958343939405,-71.08652918141942,10617,10,1,2,35,"[6952, 4178, 4162, 6346, 3936, 4260, 4148, 5751, 10617, 3487, 4278, 4942, 4146, 5030, 4893, 8419, 5262, 4760, 5080, 5284, 6471, 5194, 6273, 5290, 4923, 6728, 3848, 7224, 5040, 4091, 4245]","[1, 2, 3, 4, 4, 4, 4, 8, 10, 11, 11, 13, 14, 15, 16, 17, 18, 19, 20, 21, 22, 23, 24, 26, 27, 28, 28, 30, 61, 62, 63]",43.0135839607641,-18.924196204750388
Cat3,15mph,lr,opposite,5,1625004029.598054000,/media/batool/MULTIMODAL_DATA/Multimodal_Data/Cat3/static_in_front/bag_files/Cat3_15mph_lr_opposite_5/lidar_pcd/ns1/velodyne_points/1625004029.598054000.pcd,/media/batool/MULTIMODAL_DATA/Multimodal_Data/Cat3/static_in_front/bag_files/Cat3_15mph_lr_opposite_5/camera_images/1625004029.6061213.jpg,42.33795293708263,-71.08652386083835,10617,10,1,2,35,"[6952, 4178, 4162, 6346, 3936, 4260, 4148, 5751, 10617, 3487, 4278, 4942, 4146, 5030, 4893, 8419, 5262, 4760, 5080, 5284, 6471, 5194, 6273, 5290, 4923, 6728, 3848, 7224, 5040, 4091, 4245]","[1, 2, 3, 4, 4, 4, 4, 8, 10, 11, 11, 13, 14, 15, 16, 17, 18, 19, 20, 21, 22, 23, 24, 26, 27, 28, 28, 30, 61, 62, 63]",43.450573465024625,-19.5249580683152
Cat3,15mph,lr,opposite,5,1625004029.698940000,/media/batool/MULTIMODAL_DATA/Multimodal_Data/Cat3/static_in_front/bag_files/Cat3_15mph_lr_opposite_5/lidar_pcd/ns1/velodyne_points/1625004029.698940000.pcd,/media/batool/MULTIMODAL_DATA/Multimodal_Data/Cat3/static_in_front/bag_files/Cat3_15mph_lr_opposite_5/camera_images/1625004029.7061212.jpg,42.33794752624907,-71.08651853634395,10617,10,1,2,35,"[6952, 4178, 4162, 6346, 3936, 4260, 4148, 5751, 10617, 3487, 4278, 4942, 4146, 5030, 4893, 8419, 5262, 4760, 5080, 5284, 6471, 5194, 6273, 5290, 4923, 6728, 3848, 7224, 5040, 4091, 4245]","[1, 2, 3, 4, 4, 4, 4, 8, 10, 11, 11, 13, 14, 15, 16, 17, 18, 19, 20, 21, 22, 23, 24, 26, 27, 28, 28, 30, 61, 62, 63]",43.88788441721084,-20.126161797880588
Cat3,15mph,lr,opposite,5,1625004029.900647000,/media/batool/MULTIMODAL_DATA/Multimodal_Data/Cat3/static_in_front/bag_files/Cat3_15mph_lr_opposite_5/lidar_pcd/ns1/velodyne_points/1625004029.900647000.pcd,/media/batool/MULTIMODAL_DATA/Multimodal_Data/Cat3/static_in_front/bag_files/Cat3_15mph_lr_opposite_5/camera_images/1625004029.906121.jpg,42.337936708085614,-71.08650789080288,10617,10,1,2,35,"[6952, 4178, 4162, 6346, 3936, 4260, 4148, 5751, 10617, 3487, 4278, 4942, 4146, 5030, 4893, 8419, 5262, 4760, 5080, 5284, 6471, 5194, 6273, 5290, 4923, 6728, 3848, 7224, 5040, 4091, 4245]","[1, 2, 3, 4, 4, 4, 4, 8, 10, 11, 11, 13, 14, 15, 16, 17, 18, 19, 20, 21, 22, 23, 24, 26, 27, 28, 28, 30, 61, 62, 63]",44.76222326388897,-21.328179959330857
Cat3,15mph,lr,opposite,5,1625004030.001495000,/media/batool/MULTIMODAL_DATA/Multimodal_Data/Cat3/static_in_front/bag_files/Cat3_15mph_lr_opposite_5/lidar_pcd/ns1/velodyne_points/1625004030.001495000.pcd,/media/batool/MULTIMODAL_DATA/Multimodal_Data/Cat3/static_in_front/bag_files/Cat3_15mph_lr_opposite_5/camera_images/1625004030.006121.jpg,42.337931299297985,-71.08650256832175,10617,10,1,2,35,"[6952, 4178, 4162, 6346, 3936, 4260, 4148, 5751, 10617, 3487, 4278, 4942, 4146, 5030, 4893, 8419, 5262, 4760, 5080, 5284, 6471, 5194, 6273, 5290, 4923, 6728, 3848, 7224, 5040, 4091, 4245]","[1, 2, 3, 4, 4, 4, 4, 8, 10, 11, 11, 13, 14, 15, 16, 17, 18, 19, 20, 21, 22, 23, 24, 26, 27, 28, 28, 30, 61, 62, 63]",45.19936897431598,-21.92915636259032
Cat3,15mph,lr,opposite,5,1625004030.102356000,/media/batool/MULTIMODAL_DATA/Multimodal_Data/Cat3/static_in_front/bag_files/Cat3_15mph_lr_opposite_5/lidar_pcd/ns1/velodyne_points/1625004030.102356000.pcd,/media/batool/MULTIMODAL_DATA/Multimodal_Data/Cat3/static_in_front/bag_files/Cat3_15mph_lr_opposite_5/camera_images/1625004030.1061208.jpg,42.33792588980707,-71.08649724514856,10617,10,1,2,35,"[6952, 4178, 4162, 6346, 3936, 4260, 4148, 5751, 10617, 3487, 4278, 4942, 4146, 5030, 4893, 8419, 5262, 4760, 5080, 5284, 6471, 5194, 6273, 5290, 4923, 6728, 3848, 7224, 5040, 4091, 4245]","[1, 2, 3, 4, 4, 4, 4, 8, 10, 11, 11, 13, 14, 15, 16, 17, 18, 19, 20, 21, 22, 23, 24, 26, 27, 28, 28, 30, 61, 62, 63]",45.636571562123144,-22.530210908971387
Cat3,15mph,lr,opposite,5,1625004030.203227000,/media/batool/MULTIMODAL_DATA/Multimodal_Data/Cat3/static_in_front/bag_files/Cat3_15mph_lr_opposite_5/lidar_pcd/ns1/velodyne_points/1625004030.203227000.pcd,/media/batool/MULTIMODAL_DATA/Multimodal_Data/Cat3/static_in_front/bag_files/Cat3_15mph_lr_opposite_5/camera_images/1625004030.2061207.jpg,42.33792047977909,-71.08649192144688,10617,10,1,2,35,"[6952, 4178, 4162, 6346, 3936, 4260, 4148, 5751, 10617, 3487, 4278, 4942, 4146, 5030, 4893, 8419, 5262, 4760, 5080, 5284, 6471, 5194, 6273, 5290, 4923, 6728, 3848, 7224, 5040, 4091, 4245]","[1, 2, 3, 4, 4, 4, 4, 8, 10, 11, 11, 13, 14, 15, 16, 17, 18, 19, 20, 21, 22, 23, 24, 26, 27, 28, 28, 30, 61, 62, 63]",46.07381759441918,-23.131325128310387
Cat3,15mph,lr,opposite,5,1625004030.304036000,/media/batool/MULTIMODAL_DATA/Multimodal_Data/Cat3/static_in_front/bag_files/Cat3_15mph_lr_opposite_5/lidar_pcd/ns1/velodyne_points/1625004030.304036000.pcd,/media/batool/MULTIMODAL_DATA/Multimodal_Data/Cat3/static_in_front/bag_files/Cat3_15mph_lr_opposite_5/camera_images/1625004030.3061206.jpg,42.33791507308856,-71.08648660102938,10617,10,1,2,35,"[6952, 4178, 4162, 6346, 3936, 4260, 4148, 5751, 10617, 3487, 4278, 4942, 4146, 5030, 4893, 8419, 5262, 4760, 5080, 5284, 6471, 5194, 6273, 5290, 4923, 6728, 3848, 7224, 5040, 4091, 4245]","[1, 2, 3, 4, 4, 4, 4, 8, 10, 11, 11, 13, 14, 15, 16, 17, 18, 19, 20, 21, 22, 23, 24, 26, 27, 28, 28, 30, 61, 62, 63]",46.510793927729665,-23.732068520922034
Cat3,15mph,lr,opposite,5,1625004031.312644000,/media/batool/MULTIMODAL_DATA/Multimodal_Data/Cat3/static_in_front/bag_files/Cat3_15mph_lr_opposite_5/lidar_pcd/ns1/velodyne_points/1625004031.312644000.pcd,/media/batool/MULTIMODAL_DATA/Multimodal_Data/Cat3/static_in_front/bag_files/Cat3_15mph_lr_opposite_5/camera_images/1625004031.3061197.jpg,42.33785891175048,-71.08642443782554,4890,30,0,3,40,"[4364, 4890]","[29, 30]",51.61637979247631,-29.972217196435242
Cat3,15mph,lr,opposite,5,1625004030.404925000,/media/batool/MULTIMODAL_DATA/Multimodal_Data/Cat3/static_in_front/bag_files/Cat3_15mph_lr_opposite_5/lidar_pcd/ns1/velodyne_points/1625004030.404925000.pcd,/media/batool/MULTIMODAL_DATA/Multimodal_Data/Cat3/static_in_front/bag_files/Cat3_15mph_lr_opposite_5/camera_images/1625004030.4061205.jpg,42.337909531301584,-71.08648071111573,4890,30,0,3,40,"[4364, 4890]","[29, 30]",46.99454397594057,-24.3478226293645
Cat3,15mph,lr,opposite,5,1625004030.505793000,/media/batool/MULTIMODAL_DATA/Multimodal_Data/Cat3/static_in_front/bag_files/Cat3_15mph_lr_opposite_5/lidar_pcd/ns1/velodyne_points/1625004030.505793000.pcd,/media/batool/MULTIMODAL_DATA/Multimodal_Data/Cat3/static_in_front/bag_files/Cat3_15mph_lr_opposite_5/camera_images/1625004030.5061204.jpg,42.337903906330865,-71.08647445788745,4890,30,0,3,40,"[4364, 4890]","[29, 30]",47.50813370903253,-24.97281937586927
Cat3,15mph,lr,opposite,5,1625004030.606660000,/media/batool/MULTIMODAL_DATA/Multimodal_Data/Cat3/static_in_front/bag_files/Cat3_15mph_lr_opposite_5/lidar_pcd/ns1/velodyne_points/1625004030.606660000.pcd,/media/batool/MULTIMODAL_DATA/Multimodal_Data/Cat3/static_in_front/bag_files/Cat3_15mph_lr_opposite_5/camera_images/1625004030.6061203.jpg,42.33789828142664,-71.08646820473305,4890,30,0,3,40,"[4364, 4890]","[29, 30]",48.02171741997364,-25.597808734308575
Cat3,15mph,lr,opposite,5,1625004030.707515000,/media/batool/MULTIMODAL_DATA/Multimodal_Data/Cat3/static_in_front/bag_files/Cat3_15mph_lr_opposite_5/lidar_pcd/ns1/velodyne_points/1625004030.707515000.pcd,/media/batool/MULTIMODAL_DATA/Multimodal_Data/Cat3/static_in_front/bag_files/Cat3_15mph_lr_opposite_5/camera_images/1625004030.7061203.jpg,42.337892657173896,-71.08646195230291,4890,30,0,3,40,"[4364, 4890]","[29, 30]",48.5352416922777,-26.22272570581193
Cat3,15mph,lr,opposite,5,1625004030.808356000,/media/batool/MULTIMODAL_DATA/Multimodal_Data/Cat3/static_in_front/bag_files/Cat3_15mph_lr_opposite_5/lidar_pcd/ns1/velodyne_points/1625004030.808356000.pcd,/media/batool/MULTIMODAL_DATA/Multimodal_Data/Cat3/static_in_front/bag_files/Cat3_15mph_lr_opposite_5/camera_images/1625004030.8061202.jpg,42.33788703370558,-71.08645570074484,4890,30,0,3,40,"[4364, 4890]","[29, 30]",49.04869438624198,-26.847555518985345
Cat3,15mph,lr,opposite,5,1625004030.909206000,/media/batool/MULTIMODAL_DATA/Multimodal_Data/Cat3/static_in_front/bag_files/Cat3_15mph_lr_opposite_5/lidar_pcd/ns1/velodyne_points/1625004030.909206000.pcd,/media/batool/MULTIMODAL_DATA/Multimodal_Data/Cat3/static_in_front/bag_files/Cat3_15mph_lr_opposite_5/camera_images/1625004030.90612.jpg,42.337881409745336,-71.08644944863985,4890,30,0,3,40,"[4364, 4890]","[29, 30]",49.5621920444849,-27.472439990263965
Cat3,15mph,lr,opposite,5,1625004031.010072000,/media/batool/MULTIMODAL_DATA/Multimodal_Data/Cat3/static_in_front/bag_files/Cat3_15mph_lr_opposite_5/lidar_pcd/ns1/velodyne_points/1625004031.010072000.pcd,/media/batool/MULTIMODAL_DATA/Multimodal_Data/Cat3/static_in_front/bag_files/Cat3_15mph_lr_opposite_5/camera_images/1625004031.00612.jpg,42.337875784881,-71.08644319552981,4890,30,0,3,40,"[4364, 4890]","[29, 30]",50.07577229643611,-28.097424916495584
Cat3,15mph,lr,opposite,5,1625004031.110943000,/media/batool/MULTIMODAL_DATA/Multimodal_Data/Cat3/static_in_front/bag_files/Cat3_15mph_lr_opposite_5/lidar_pcd/ns1/velodyne_points/1625004031.110943000.pcd,/media/batool/MULTIMODAL_DATA/Multimodal_Data/Cat3/static_in_front/bag_files/Cat3_15mph_lr_opposite_5/camera_images/1625004031.1061199.jpg,42.33787015973745,-71.08643694210937,4890,30,0,3,40,"[4364, 4890]","[29, 30]",50.58937808755867,-28.722440866602028
Cat3,15mph,lr,opposite,5,1625004031.211817000,/media/batool/MULTIMODAL_DATA/Multimodal_Data/Cat3/static_in_front/bag_files/Cat3_15mph_lr_opposite_5/lidar_pcd/ns1/velodyne_points/1625004031.211817000.pcd,/media/batool/MULTIMODAL_DATA/Multimodal_Data/Cat3/static_in_front/bag_files/Cat3_15mph_lr_opposite_5/camera_images/1625004031.2061198.jpg,42.337864534434345,-71.08643068851158,4890,30,0,3,40,"[4364, 4890]","[29, 30]",51.102998490853565,-29.34747454474973
Cat3,15mph,lr,opposite,5,1625004031.413478000,/media/batool/MULTIMODAL_DATA/Multimodal_Data/Cat3/static_in_front/bag_files/Cat3_15mph_lr_opposite_5/lidar_pcd/ns1/velodyne_points/1625004031.413478000.pcd,/media/batool/MULTIMODAL_DATA/Multimodal_Data/Cat3/static_in_front/bag_files/Cat3_15mph_lr_opposite_5/camera_images/1625004031.4061196.jpg,42.33785433375317,-71.0864196215576,5022,20,0,3,40,"[5022, 4548]","[20, 20]",52.011949610151966,-30.480883564128664
Cat3,15mph,lr,opposite,5,1625004031.514347000,/media/batool/MULTIMODAL_DATA/Multimodal_Data/Cat3/static_in_front/bag_files/Cat3_15mph_lr_opposite_5/lidar_pcd/ns1/velodyne_points/1625004031.514347000.pcd,/media/batool/MULTIMODAL_DATA/Multimodal_Data/Cat3/static_in_front/bag_files/Cat3_15mph_lr_opposite_5/camera_images/1625004031.5061195.jpg,42.33785021704811,-71.08641543914155,5022,20,0,3,40,"[5022, 4548]","[20, 20]",52.35545997295898,-30.938295237900903
Cat3,15mph,lr,opposite,5,1625004031.615231000,/media/batool/MULTIMODAL_DATA/Multimodal_Data/Cat3/static_in_front/bag_files/Cat3_15mph_lr_opposite_5/lidar_pcd/ns1/velodyne_points/1625004031.615231000.pcd,/media/batool/MULTIMODAL_DATA/Multimodal_Data/Cat3/static_in_front/bag_files/Cat3_15mph_lr_opposite_5/camera_images/1625004031.6061194.jpg,42.337846099739764,-71.0864112561126,5022,20,0,3,40,"[5022, 4548]","[20, 20]",52.69902069698243,-31.395773942695843
Cat3,15mph,lr,opposite,5,1625004031.716069000,/media/batool/MULTIMODAL_DATA/Multimodal_Data/Cat3/static_in_front/bag_files/Cat3_15mph_lr_opposite_5/lidar_pcd/ns1/velodyne_points/1625004031.716069000.pcd,/media/batool/MULTIMODAL_DATA/Multimodal_Data/Cat3/static_in_front/bag_files/Cat3_15mph_lr_opposite_5/camera_images/1625004031.7061193.jpg,42.33784198430939,-71.08640707499158,5022,20,0,3,40,"[5022, 4548]","[20, 20]",53.04242474086904,-31.853043983984563
Cat3,15mph,lr,opposite,5,1625004031.816927000,/media/batool/MULTIMODAL_DATA/Multimodal_Data/Cat3/static_in_front/bag_files/Cat3_15mph_lr_opposite_5/lidar_pcd/ns1/velodyne_points/1625004031.816927000.pcd,/media/batool/MULTIMODAL_DATA/Multimodal_Data/Cat3/static_in_front/bag_files/Cat3_15mph_lr_opposite_5/camera_images/1625004031.8061192.jpg,42.337837868061655,-71.08640289304017,5022,20,0,3,40,"[5022, 4548]","[20, 20]",53.385897009451945,-32.31040484368779
Cat3,15mph,lr,opposite,5,1625004031.917769000,/media/batool/MULTIMODAL_DATA/Multimodal_Data/Cat3/static_in_front/bag_files/Cat3_15mph_lr_opposite_5/lidar_pcd/ns1/velodyne_points/1625004031.917769000.pcd,/media/batool/MULTIMODAL_DATA/Multimodal_Data/Cat3/static_in_front/bag_files/Cat3_15mph_lr_opposite_5/camera_images/1625004031.906119.jpg,42.33783375246586,-71.08639871175109,5022,20,0,3,40,"[5022, 4548]","[20, 20]",53.72931490237318,-32.7676932651381
Cat3,15mph,lr,opposite,5,1625004032.018642000,/media/batool/MULTIMODAL_DATA/Multimodal_Data/Cat3/static_in_front/bag_files/Cat3_15mph_lr_opposite_5/lidar_pcd/ns1/velodyne_points/1625004032.018642000.pcd,/media/batool/MULTIMODAL_DATA/Multimodal_Data/Cat3/static_in_front/bag_files/Cat3_15mph_lr_opposite_5/camera_images/1625004032.006119.jpg,42.33782963560511,-71.08639452917687,5022,20,0,3,40,"[5022, 4548]","[20, 20]",54.07283836817545,-33.225122237467986
Cat3,15mph,lr,opposite,5,1625004032.119507000,/media/batool/MULTIMODAL_DATA/Multimodal_Data/Cat3/static_in_front/bag_files/Cat3_15mph_lr_opposite_5/lidar_pcd/ns1/velodyne_points/1625004032.119507000.pcd,/media/batool/MULTIMODAL_DATA/Multimodal_Data/Cat3/static_in_front/bag_files/Cat3_15mph_lr_opposite_5/camera_images/1625004032.106119.jpg,42.337825519065476,-71.08639034692888,5022,20,0,3,40,"[5022, 4548]","[20, 20]",54.41633506298201,-33.68251553028914
Cat3,15mph,lr,opposite,5,1625004032.220349000,/media/batool/MULTIMODAL_DATA/Multimodal_Data/Cat3/static_in_front/bag_files/Cat3_15mph_lr_opposite_5/lidar_pcd/ns1/velodyne_points/1625004032.220349000.pcd,/media/batool/MULTIMODAL_DATA/Multimodal_Data/Cat3/static_in_front/bag_files/Cat3_15mph_lr_opposite_5/camera_images/1625004032.2061188.jpg,42.337821403469675,-71.08638616563981,5022,20,0,3,40,"[5022, 4548]","[20, 20]",54.759753022175644,-34.139803952528936
Cat3,15mph,lr,opposite,5,1625004032.321272000,/media/batool/MULTIMODAL_DATA/Multimodal_Data/Cat3/static_in_front/bag_files/Cat3_15mph_lr_opposite_5/lidar_pcd/ns1/velodyne_points/1625004032.321272000.pcd,/media/batool/MULTIMODAL_DATA/Multimodal_Data/Cat3/static_in_front/bag_files/Cat3_15mph_lr_opposite_5/camera_images/1625004032.3061187.jpg,42.33781728457528,-71.08638198099949,5022,20,0,3,40,"[5022, 4548]","[20, 20]",55.10344624870138,-34.59745888534371
Cat3,15mph,lr,opposite,5,1625004032.825485000,/media/batool/MULTIMODAL_DATA/Multimodal_Data/Cat3/static_in_front/bag_files/Cat3_15mph_lr_opposite_5/lidar_pcd/ns1/velodyne_points/1625004032.825485000.pcd,/media/batool/MULTIMODAL_DATA/Multimodal_Data/Cat3/static_in_front/bag_files/Cat3_15mph_lr_opposite_5/camera_images/1625004032.8394516.jpg,42.33778969243016,-71.08635589071258,5022,20,0,3,40,"[5022, 4548, 5008, 4608, 4608, 4800, 0, 1688, 1810]","[20, 20, 20, 20, 20, 20, 20, 20, 20]",57.24629724034892,-37.663252787941325
Cat3,15mph,lr,opposite,5,1625004032.422066000,/media/batool/MULTIMODAL_DATA/Multimodal_Data/Cat3/static_in_front/bag_files/Cat3_15mph_lr_opposite_5/lidar_pcd/ns1/velodyne_points/1625004032.422066000.pcd,/media/batool/MULTIMODAL_DATA/Multimodal_Data/Cat3/static_in_front/bag_files/Cat3_15mph_lr_opposite_5/camera_images/1625004032.439452.jpg,42.33781315916595,-71.08637779299933,5022,20,0,3,40,"[5022, 4548, 5008, 4608, 4608, 4800, 0, 1688, 1810]","[20, 20, 20, 20, 20, 20, 20, 20, 20]",55.44741545016376,-35.05583770014987
Cat3,15mph,lr,opposite,5,1625004032.522936000,/media/batool/MULTIMODAL_DATA/Multimodal_Data/Cat3/static_in_front/bag_files/Cat3_15mph_lr_opposite_5/lidar_pcd/ns1/velodyne_points/1625004032.522936000.pcd,/media/batool/MULTIMODAL_DATA/Multimodal_Data/Cat3/static_in_front/bag_files/Cat3_15mph_lr_opposite_5/camera_images/1625004032.5394518.jpg,42.337807291587474,-71.08637231659276,5022,20,0,3,40,"[5022, 4548, 5008, 4608, 4608, 4800, 0, 1688, 1810]","[20, 20, 20, 20, 20, 20, 20, 20, 20]",55.89720440559658,-35.70779086380248
Cat3,15mph,lr,opposite,5,1625004032.623792000,/media/batool/MULTIMODAL_DATA/Multimodal_Data/Cat3/static_in_front/bag_files/Cat3_15mph_lr_opposite_5/lidar_pcd/ns1/velodyne_points/1625004032.623792000.pcd,/media/batool/MULTIMODAL_DATA/Multimodal_Data/Cat3/static_in_front/bag_files/Cat3_15mph_lr_opposite_5/camera_images/1625004032.6394517.jpg,42.33780142484112,-71.08636684096281,5022,20,0,3,40,"[5022, 4548, 5008, 4608, 4608, 4800, 0, 1688, 1810]","[20, 20, 20, 20, 20, 20, 20, 20, 20]",56.34692961726816,-36.35965157005532
Cat3,15mph,lr,opposite,5,1625004032.724645000,/media/batool/MULTIMODAL_DATA/Multimodal_Data/Cat3/static_in_front/bag_files/Cat3_15mph_lr_opposite_5/lidar_pcd/ns1/velodyne_points/1625004032.724645000.pcd,/media/batool/MULTIMODAL_DATA/Multimodal_Data/Cat3/static_in_front/bag_files/Cat3_15mph_lr_opposite_5/camera_images/1625004032.7394516.jpg,42.337795558261185,-71.0863613654882,5022,20,0,3,40,"[5022, 4548, 5008, 4608, 4608, 4800, 0, 1688, 1810]","[20, 20, 20, 20, 20, 20, 20, 20, 20]",56.79664211258231,-37.01149378482822
Cat3,15mph,lr,opposite,5,1625004032.926346000,/media/batool/MULTIMODAL_DATA/Multimodal_Data/Cat3/static_in_front/bag_files/Cat3_15mph_lr_opposite_5/lidar_pcd/ns1/velodyne_points/1625004032.926346000.pcd,/media/batool/MULTIMODAL_DATA/Multimodal_Data/Cat3/static_in_front/bag_files/Cat3_15mph_lr_opposite_5/camera_images/1625004032.9394515.jpg,42.33778382537869,-71.08635041479789,5022,20,0,3,40,"[5022, 4548, 5008, 4608, 4608, 4800, 0, 1688, 1810]","[20, 20, 20, 20, 20, 20, 20, 20, 20]",57.69604596443497,-38.31514739497758
Cat3,15mph,lr,opposite,5,1625004033.027225000,/media/batool/MULTIMODAL_DATA/Multimodal_Data/Cat3/static_in_front/bag_files/Cat3_15mph_lr_opposite_5/lidar_pcd/ns1/velodyne_points/1625004033.027225000.pcd,/media/batool/MULTIMODAL_DATA/Multimodal_Data/Cat3/static_in_front/bag_files/Cat3_15mph_lr_opposite_5/camera_images/1625004033.0394514.jpg,42.33777795728707,-71.08634493791237,5022,20,0,3,40,"[5022, 4548, 5008, 4608, 4608, 4800, 0, 1688, 1810]","[20, 20, 20, 20, 20, 20, 20, 20, 20]",58.14587446675976,-38.967157575737275
Cat3,15mph,lr,opposite,5,1625004033.128069000,/media/batool/MULTIMODAL_DATA/Multimodal_Data/Cat3/static_in_front/bag_files/Cat3_15mph_lr_opposite_5/lidar_pcd/ns1/velodyne_points/1625004033.128069000.pcd,/media/batool/MULTIMODAL_DATA/Multimodal_Data/Cat3/static_in_front/bag_files/Cat3_15mph_lr_opposite_5/camera_images/1625004033.1394513.jpg,42.33777209123414,-71.08633946292964,5022,20,0,3,40,"[5022, 4548, 5008, 4608, 4608, 4800, 0, 1688, 1810]","[20, 20, 20, 20, 20, 20, 20, 20, 20]",58.59554673069688,-39.61894123389382
Cat3,15mph,lr,opposite,5,1625004033.228933000,/media/batool/MULTIMODAL_DATA/Multimodal_Data/Cat3/static_in_front/bag_files/Cat3_15mph_lr_opposite_5/lidar_pcd/ns1/velodyne_points/1625004033.228933000.pcd,/media/batool/MULTIMODAL_DATA/Multimodal_Data/Cat3/static_in_front/bag_files/Cat3_15mph_lr_opposite_5/camera_images/1625004033.2394512.jpg,42.33776622400239,-71.08633398684667,5022,20,0,3,40,"[5022, 4548, 5008, 4608, 4608, 4800, 0, 1688, 1810]","[20, 20, 20, 20, 20, 20, 20, 20, 20]",59.045309402278065,-40.27085587349828
Cat3,15mph,lr,opposite,5,1625004033.329779000,/media/batool/MULTIMODAL_DATA/Multimodal_Data/Cat3/static_in_front/bag_files/Cat3_15mph_lr_opposite_5/lidar_pcd/ns1/velodyne_points/1625004033.329779000.pcd,/media/batool/MULTIMODAL_DATA/Multimodal_Data/Cat3/static_in_front/bag_files/Cat3_15mph_lr_opposite_5/camera_images/1625004033.339451.jpg,42.33776035783852,-71.0863285117604,5022,20,0,3,40,"[5022, 4548, 5008, 4608, 4608, 4800, 0, 1688, 1810]","[20, 20, 20, 20, 20, 20, 20, 20, 20]",59.49499025410907,-40.92265185878179
Cat3,15mph,lr,opposite,5,1625004033.430639000,/media/batool/MULTIMODAL_DATA/Multimodal_Data/Cat3/static_in_front/bag_files/Cat3_15mph_lr_opposite_5/lidar_pcd/ns1/velodyne_points/1625004033.430639000.pcd,/media/batool/MULTIMODAL_DATA/Multimodal_Data/Cat3/static_in_front/bag_files/Cat3_15mph_lr_opposite_5/camera_images/1625004033.439451.jpg,42.33774607460473,-71.08631518074219,5344,20,0,3,40,"[5022, 4548, 5008, 4608, 4608, 4800, 0, 1688, 1810, 1802, 1784, 1812, 2004, 1878, 1956, 5344]","[20, 20, 20, 20, 20, 20, 20, 20, 20, 20, 20, 20, 20, 20, 20, 20]",60.58989621362211,-42.50967783529328
Cat3,15mph,lr,opposite,5,1625004033.531494000,/media/batool/MULTIMODAL_DATA/Multimodal_Data/Cat3/static_in_front/bag_files/Cat3_15mph_lr_opposite_5/lidar_pcd/ns1/velodyne_points/1625004033.531494000.pcd,/media/batool/MULTIMODAL_DATA/Multimodal_Data/Cat3/static_in_front/bag_files/Cat3_15mph_lr_opposite_5/camera_images/1625004033.539451.jpg,42.337727516834015,-71.08629786015621,5344,20,0,3,40,"[5022, 4548, 5008, 4608, 4608, 4800, 0, 1688, 1810, 1802, 1784, 1812, 2004, 1878, 1956, 5344]","[20, 20, 20, 20, 20, 20, 20, 20, 20, 20, 20, 20, 20, 20, 20, 20]",62.012474554496286,-44.57165235925863
Cat3,15mph,lr,opposite,5,1625004033.632347000,/media/batool/MULTIMODAL_DATA/Multimodal_Data/Cat3/static_in_front/bag_files/Cat3_15mph_lr_opposite_5/lidar_pcd/ns1/velodyne_points/1625004033.632347000.pcd,/media/batool/MULTIMODAL_DATA/Multimodal_Data/Cat3/static_in_front/bag_files/Cat3_15mph_lr_opposite_5/camera_images/1625004033.6394508.jpg,42.33770895937039,-71.0862805398568,5344,20,0,3,40,"[5022, 4548, 5008, 4608, 4608, 4800, 0, 1688, 1810, 1802, 1784, 1812, 2004, 1878, 1956, 5344]","[20, 20, 20, 20, 20, 20, 20, 20, 20, 20, 20, 20, 20, 20, 20, 20]",63.435029778043734,-46.633592762172306
Cat3,15mph,lr,opposite,5,1625004033.733180000,/media/batool/MULTIMODAL_DATA/Multimodal_Data/Cat3/static_in_front/bag_files/Cat3_15mph_lr_opposite_5/lidar_pcd/ns1/velodyne_points/1625004033.733180000.pcd,/media/batool/MULTIMODAL_DATA/Multimodal_Data/Cat3/static_in_front/bag_files/Cat3_15mph_lr_opposite_5/camera_images/1625004033.7394507.jpg,42.337690405635726,-71.08626322303779,5344,20,0,3,40,"[5022, 4548, 5008, 4608, 4608, 4800, 0, 1688, 1810, 1802, 1784, 1812, 2004, 1878, 1956, 5344]","[20, 20, 20, 20, 20, 20, 20, 20, 20, 20, 20, 20, 20, 20, 20, 20]",64.85729956861289,-48.69511883577439
Cat3,15mph,lr,opposite,5,1625004033.834064000,/media/batool/MULTIMODAL_DATA/Multimodal_Data/Cat3/static_in_front/bag_files/Cat3_15mph_lr_opposite_5/lidar_pcd/ns1/velodyne_points/1625004033.834064000.pcd,/media/batool/MULTIMODAL_DATA/Multimodal_Data/Cat3/static_in_front/bag_files/Cat3_15mph_lr_opposite_5/camera_images/1625004033.8394506.jpg,42.33767184251285,-71.08624589745645,5344,20,0,3,40,"[5022, 4548, 5008, 4608, 4608, 4800, 0, 1688, 1810, 1802, 1784, 1812, 2004, 1878, 1956, 5344]","[20, 20, 20, 20, 20, 20, 20, 20, 20, 20, 20, 20, 20, 20, 20, 20]",66.28028944907274,-50.757688044534966
Cat3,15mph,lr,opposite,5,1625004033.934918000,/media/batool/MULTIMODAL_DATA/Multimodal_Data/Cat3/static_in_front/bag_files/Cat3_15mph_lr_opposite_5/lidar_pcd/ns1/velodyne_points/1625004033.934918000.pcd,/media/batool/MULTIMODAL_DATA/Multimodal_Data/Cat3/static_in_front/bag_files/Cat3_15mph_lr_opposite_5/camera_images/1625004033.9394505.jpg,42.337653284917614,-71.08622857703422,5344,20,0,3,40,"[5022, 4548, 5008, 4608, 4608, 4800, 0, 1688, 1810, 1802, 1784, 1812, 2004, 1878, 1956, 5344]","[20, 20, 20, 20, 20, 20, 20, 20, 20, 20, 20, 20, 20, 20, 20, 20]",67.70285601993035,-52.81964307041815
Cat3,15mph,lr,opposite,5,1625004034.035778000,/media/batool/MULTIMODAL_DATA/Multimodal_Data/Cat3/static_in_front/bag_files/Cat3_15mph_lr_opposite_5/lidar_pcd/ns1/velodyne_points/1625004034.035778000.pcd,/media/batool/MULTIMODAL_DATA/Multimodal_Data/Cat3/static_in_front/bag_files/Cat3_15mph_lr_opposite_5/camera_images/1625004034.0394504.jpg,42.33763472618175,-71.0862112555474,5344,20,0,3,40,"[5022, 4548, 5008, 4608, 4608, 4800, 0, 1688, 1810, 1802, 1784, 1812, 2004, 1878, 1956, 5344]","[20, 20, 20, 20, 20, 20, 20, 20, 20, 20, 20, 20, 20, 20, 20, 20]",69.12551044805078,-54.881724833440636
Cat3,15mph,lr,opposite,5,1625004034.136648000,/media/batool/MULTIMODAL_DATA/Multimodal_Data/Cat3/static_in_front/bag_files/Cat3_15mph_lr_opposite_5/lidar_pcd/ns1/velodyne_points/1625004034.136648000.pcd,/media/batool/MULTIMODAL_DATA/Multimodal_Data/Cat3/static_in_front/bag_files/Cat3_15mph_lr_opposite_5/camera_images/1625004034.1394503.jpg,42.33761616564721,-71.08619393238185,5344,20,0,3,40,"[5022, 4548, 5008, 4608, 4608, 4800, 0, 1688, 1810, 1802, 1784, 1812, 2004, 1878, 1956, 5344]","[20, 20, 20, 20, 20, 20, 20, 20, 20, 20, 20, 20, 20, 20, 20, 20]",70.54830317399134,-56.944006448449926
Cat3,15mph,lr,opposite,5,1625004035.246040000,/media/batool/MULTIMODAL_DATA/Multimodal_Data/Cat3/static_in_front/bag_files/Cat3_15mph_lr_opposite_5/lidar_pcd/ns1/velodyne_points/1625004035.246040000.pcd,/media/batool/MULTIMODAL_DATA/Multimodal_Data/Cat3/static_in_front/bag_files/Cat3_15mph_lr_opposite_5/camera_images/1625004035.2394493.jpg,42.337703071316,-71.08627560116112,5344,20,0,3,40,"[5022, 4548, 5008, 4608, 4608, 4800, 0, 1688, 1810, 1802, 1784, 1812, 2004, 1878, 1956, 5344, 1830, 1848, 0]","[20, 20, 20, 20, 20, 20, 20, 20, 20, 20, 20, 20, 20, 20, 20, 20, 20, 20, 20]",63.84065636406547,-47.28782102761089
Cat3,15mph,lr,opposite,5,1625004035.145198000,/media/batool/MULTIMODAL_DATA/Multimodal_Data/Cat3/static_in_front/bag_files/Cat3_15mph_lr_opposite_5/lidar_pcd/ns1/velodyne_points/1625004035.145198000.pcd,/media/batool/MULTIMODAL_DATA/Multimodal_Data/Cat3/static_in_front/bag_files/Cat3_15mph_lr_opposite_5/camera_images/1625004035.1394494.jpg,42.33768760344263,-71.08626109938528,5344,20,0,3,40,"[5022, 4548, 5008, 4608, 4608, 4800, 0, 1688, 1810, 1802, 1784, 1812, 2004, 1878, 1956, 5344, 1830, 1848, 0]","[20, 20, 20, 20, 20, 20, 20, 20, 20, 20, 20, 20, 20, 20, 20, 20, 20, 20, 20]",65.03172028770362,-49.006473624046976
Cat3,15mph,lr,opposite,5,1625004035.346898000,/media/batool/MULTIMODAL_DATA/Multimodal_Data/Cat3/static_in_front/bag_files/Cat3_15mph_lr_opposite_5/lidar_pcd/ns1/velodyne_points/1625004035.346898000.pcd,/media/batool/MULTIMODAL_DATA/Multimodal_Data/Cat3/static_in_front/bag_files/Cat3_15mph_lr_opposite_5/camera_images/1625004035.3394492.jpg,42.337718541639575,-71.08629010523413,5344,20,0,3,40,"[5022, 4548, 5008, 4608, 4608, 4800, 0, 1688, 1810, 1802, 1784, 1812, 2004, 1878, 1956, 5344, 1830, 1848, 0]","[20, 20, 20, 20, 20, 20, 20, 20, 20, 20, 20, 20, 20, 20, 20, 20, 20, 20, 20]",62.64940406161878,-45.568896185936104
Cat3,15mph,lr,opposite,5,1625004035.447784000,/media/batool/MULTIMODAL_DATA/Multimodal_Data/Cat3/static_in_front/bag_files/Cat3_15mph_lr_opposite_5/lidar_pcd/ns1/velodyne_points/1625004035.447784000.pcd,/media/batool/MULTIMODAL_DATA/Multimodal_Data/Cat3/static_in_front/bag_files/Cat3_15mph_lr_opposite_5/camera_images/1625004035.439449.jpg,42.337722666666664,-71.08629350710265,5344,20,0,3,40,"[5022, 4548, 5008, 4608, 4608, 4800, 0, 1688, 1810, 1802, 1784, 1812, 2004, 1878, 1956, 5344, 1830, 1848, 0, 1984, 1968, 2000, 1912, 1976]","[20, 20, 20, 20, 20, 20, 20, 20, 20, 20, 20, 20, 20, 20, 20, 20, 20, 20, 20, 20, 20, 20, 20, 20]",62.370000705912275,-45.11055984263774
Cat3,15mph,lr,opposite,5,1625004035.548604000,/media/batool/MULTIMODAL_DATA/Multimodal_Data/Cat3/static_in_front/bag_files/Cat3_15mph_lr_opposite_5/lidar_pcd/ns1/velodyne_points/1625004035.548604000.pcd,/media/batool/MULTIMODAL_DATA/Multimodal_Data/Cat3/static_in_front/bag_files/Cat3_15mph_lr_opposite_5/camera_images/1625004035.539449.jpg,42.33772266666667,-71.08629287280753,5344,20,0,3,40,"[5022, 4548, 5008, 4608, 4608, 4800, 0, 1688, 1810, 1802, 1784, 1812, 2004, 1878, 1956, 5344, 1830, 1848, 0, 1984, 1968, 2000, 1912, 1976]","[20, 20, 20, 20, 20, 20, 20, 20, 20, 20, 20, 20, 20, 20, 20, 20, 20, 20, 20, 20, 20, 20, 20, 20]",62.422096452766176,-45.11055984184824
Cat3,15mph,lr,opposite,5,1625004035.649466000,/media/batool/MULTIMODAL_DATA/Multimodal_Data/Cat3/static_in_front/bag_files/Cat3_15mph_lr_opposite_5/lidar_pcd/ns1/velodyne_points/1625004035.649466000.pcd,/media/batool/MULTIMODAL_DATA/Multimodal_Data/Cat3/static_in_front/bag_files/Cat3_15mph_lr_opposite_5/camera_images/1625004035.639449.jpg,42.33772266666667,-71.08629223824843,5344,20,0,3,40,"[5022, 4548, 5008, 4608, 4608, 4800, 0, 1688, 1810, 1802, 1784, 1812, 2004, 1878, 1956, 5344, 1830, 1848, 0, 1984, 1968, 2000, 1912, 1976]","[20, 20, 20, 20, 20, 20, 20, 20, 20, 20, 20, 20, 20, 20, 20, 20, 20, 20, 20, 20, 20, 20, 20, 20]",62.47421388081933,-45.11055984184824
Cat3,15mph,lr,opposite,5,1625004035.750337000,/media/batool/MULTIMODAL_DATA/Multimodal_Data/Cat3/static_in_front/bag_files/Cat3_15mph_lr_opposite_5/lidar_pcd/ns1/velodyne_points/1625004035.750337000.pcd,/media/batool/MULTIMODAL_DATA/Multimodal_Data/Cat3/static_in_front/bag_files/Cat3_15mph_lr_opposite_5/camera_images/1625004035.7394488.jpg,42.33772266666667,-71.08629160363382,5344,20,0,3,40,"[5022, 4548, 5008, 4608, 4608, 4800, 0, 1688, 1810, 1802, 1784, 1812, 2004, 1878, 1956, 5344, 1830, 1848, 0, 1984, 1968, 2000, 1912, 1976]","[20, 20, 20, 20, 20, 20, 20, 20, 20, 20, 20, 20, 20, 20, 20, 20, 20, 20, 20, 20, 20, 20, 20, 20]",62.52633586780681,-45.11055984184824
Cat3,15mph,lr,opposite,5,1625004035.851184000,/media/batool/MULTIMODAL_DATA/Multimodal_Data/Cat3/static_in_front/bag_files/Cat3_15mph_lr_opposite_5/lidar_pcd/ns1/velodyne_points/1625004035.851184000.pcd,/media/batool/MULTIMODAL_DATA/Multimodal_Data/Cat3/static_in_front/bag_files/Cat3_15mph_lr_opposite_5/camera_images/1625004035.8394487.jpg,42.33772266666667,-71.08629096916921,5344,20,0,3,40,"[5022, 4548, 5008, 4608, 4608, 4800, 0, 1688, 1810, 1802, 1784, 1812, 2004, 1878, 1956, 5344, 1830, 1848, 0, 1984, 1968, 2000, 1912, 1976]","[20, 20, 20, 20, 20, 20, 20, 20, 20, 20, 20, 20, 20, 20, 20, 20, 20, 20, 20, 20, 20, 20, 20, 20]",62.578445535400554,-45.11055984184824
Cat3,15mph,lr,opposite,5,1625004035.952037000,/media/batool/MULTIMODAL_DATA/Multimodal_Data/Cat3/static_in_front/bag_files/Cat3_15mph_lr_opposite_5/lidar_pcd/ns1/velodyne_points/1625004035.952037000.pcd,/media/batool/MULTIMODAL_DATA/Multimodal_Data/Cat3/static_in_front/bag_files/Cat3_15mph_lr_opposite_5/camera_images/1625004035.9394486.jpg,42.337722666666664,-71.0862903346656,5344,20,0,3,40,"[5022, 4548, 5008, 4608, 4608, 4800, 0, 1688, 1810, 1802, 1784, 1812, 2004, 1878, 1956, 5344, 1830, 1848, 0, 1984, 1968, 2000, 1912, 1976]","[20, 20, 20, 20, 20, 20, 20, 20, 20, 20, 20, 20, 20, 20, 20, 20, 20, 20, 20, 20, 20, 20, 20, 20]",62.63055840568653,-45.11055984263774
Cat3,15mph,lr,opposite,5,1625004036.052930000,/media/batool/MULTIMODAL_DATA/Multimodal_Data/Cat3/static_in_front/bag_files/Cat3_15mph_lr_opposite_5/lidar_pcd/ns1/velodyne_points/1625004036.052930000.pcd,/media/batool/MULTIMODAL_DATA/Multimodal_Data/Cat3/static_in_front/bag_files/Cat3_15mph_lr_opposite_5/camera_images/1625004036.0394485.jpg,42.33772266666667,-71.08628969991149,5344,20,0,3,40,"[5022, 4548, 5008, 4608, 4608, 4800, 0, 1688, 1810, 1802, 1784, 1812, 2004, 1878, 1956, 5344, 1830, 1848, 0, 1984, 1968, 2000, 1912, 1976]","[20, 20, 20, 20, 20, 20, 20, 20, 20, 20, 20, 20, 20, 20, 20, 20, 20, 20, 20, 20, 20, 20, 20, 20]",62.68269185070228,-45.11055984184824
Cat3,15mph,lr,opposite,5,1625004036.153746000,/media/batool/MULTIMODAL_DATA/Multimodal_Data/Cat3/static_in_front/bag_files/Cat3_15mph_lr_opposite_5/lidar_pcd/ns1/velodyne_points/1625004036.153746000.pcd,/media/batool/MULTIMODAL_DATA/Multimodal_Data/Cat3/static_in_front/bag_files/Cat3_15mph_lr_opposite_5/camera_images/1625004036.1394484.jpg,42.337722666666664,-71.08628906564337,5344,20,0,3,40,"[5022, 4548, 5008, 4608, 4608, 4800, 0, 1688, 1810, 1802, 1784, 1812, 2004, 1878, 1956, 5344, 1830, 1848, 0, 1984, 1968, 2000, 1912, 1976]","[20, 20, 20, 20, 20, 20, 20, 20, 20, 20, 20, 20, 20, 20, 20, 20, 20, 20, 20, 20, 20, 20, 20, 20]",62.734785379948576,-45.11055984263774
Cat3,15mph,lr,opposite,5,1625004036.254598000,/media/batool/MULTIMODAL_DATA/Multimodal_Data/Cat3/static_in_front/bag_files/Cat3_15mph_lr_opposite_5/lidar_pcd/ns1/velodyne_points/1625004036.254598000.pcd,/media/batool/MULTIMODAL_DATA/Multimodal_Data/Cat3/static_in_front/bag_files/Cat3_15mph_lr_opposite_5/camera_images/1625004036.2394483.jpg,42.337722666666664,-71.08628843114727,5344,20,0,3,40,"[5022, 4548, 5008, 4608, 4608, 4800, 0, 1688, 1810, 1802, 1784, 1812, 2004, 1878, 1956, 5344, 1830, 1848, 0, 1984, 1968, 2000, 1912, 1976]","[20, 20, 20, 20, 20, 20, 20, 20, 20, 20, 20, 20, 20, 20, 20, 20, 20, 20, 20, 20, 20, 20, 20, 20]",62.78689763397307,-45.11055984263774
